-- 初始化管理员用户 密码：888888
insert into t_staff
(login_name,real_name,password,mobile,email,status,create_user,create_date)
VALUES  
('admin','admin','21218cca77804d2ba1922c33e0151105','13724335201','315307864@qq.com',1,'init',SYSDATE()),
('chenyuanming','陈远明','21218cca77804d2ba1922c33e0151105','13724335202','315307864@qq.com',1,'init',SYSDATE()),
('dingfanlun','丁凡伦','21218cca77804d2ba1922c33e0151105','13724335203','315307864@qq.com',1,'init',SYSDATE()),
('fujunru','傅军如','21218cca77804d2ba1922c33e0151105','13724335204','315307864@qq.com',1,'init',SYSDATE()),
('gaoxin','高兴','21218cca77804d2ba1922c33e0151105','13724335205','315307864@qq.com',1,'init',SYSDATE()),
('huliuxiang','胡柳祥','21218cca77804d2ba1922c33e0151105','13724335206','315307864@qq.com',1,'init',SYSDATE()),
('huangcui','黄翠','21218cca77804d2ba1922c33e0151105','13724335207','315307864@qq.com',1,'init',SYSDATE()),
('huangda','黄达','21218cca77804d2ba1922c33e0151105','13724335208','315307864@qq.com',1,'init',SYSDATE()),
('libixin','李碧新','21218cca77804d2ba1922c33e0151105','13724335209','315307864@qq.com',1,'init',SYSDATE()),
('lizhilin','李智林','21218cca77804d2ba1922c33e0151105','13724335211','315307864@qq.com',1,'init',SYSDATE()),
('liangweipin','梁维萍','21218cca77804d2ba1922c33e0151105','13724335212','315307864@qq.com',1,'init',SYSDATE()),
('liuanpei','刘安沛','21218cca77804d2ba1922c33e0151105','13724335213','315307864@qq.com',1,'init',SYSDATE()),
('majianzhong','马忠建','21218cca77804d2ba1922c33e0151105','13724335214','315307864@qq.com',1,'init',SYSDATE()),
('miaoyan','苗艳','21218cca77804d2ba1922c33e0151105','13724335215','315307864@qq.com',1,'init',SYSDATE());

-- 初始化权限资源
insert into t_resource
(resource_id,parent_id,resource_name,address_url,resource_desc,resource_type,auth_type,sort_num)
values
('regist_page','other','用户注册页面','staff/regist.html',null,1,'UNAUTH',1),
('regist','other','用户注册','/staff!regist.do',null,1,'UNAUTH',1),
('reset_pwd_page','other','用户密码重置页面','staff/resetPwd.html',null,1,'LOGIN_AUTH',1),
('reset_pwd','other','用户密码重置','/staff!resetPwd.do',null,1,'LOGIN_AUTH',1),
('staff_login_page','other','用户登录页面','/login.html',null,1,'UNAUTH',1),
('index_redirect','other','默认页面跳转','/redirect.html',null,1,'UNAUTH',1),
('staff_login','other','用户登录','/staff!login.do',null,1,'UNAUTH',1),
('staff_logout','other','用户登出','/staff!logout.do',null,1,'UNAUTH',1),
('common_auth','other','auth','/common/authError.html',null,1,'UNAUTH',1),
('common_error','other','error','/common/error.html',null,1,'UNAUTH',1),
('common_sucess','other','sucess','/common/success.html',null,1,'UNAUTH',1),
('index','other','首页','/index.do',null,1,'LOGIN_AUTH',1),
('staff_info','other','个人资料','/staff!staffInfo.do',null,1,'LOGIN_AUTH',1),
('contacts','other','通讯录','/staff!contacts.do',null,1,'LOGIN_AUTH',1),
('home','other','主页','/home.html',null,1,'LOGIN_AUTH',1),
('quick_menu','other','快捷菜单','/citi.html',null,1,'UNAUTH',1),
('error','other','出错页','/error.html',null,1,'LOGIN_AUTH',1);

-- 我的任务
insert into t_resource
(resource_id,parent_id,resource_name,address_url,resource_desc,resource_type,auth_type,sort_num)
values
('work_flow','root','我的任务',null,null,1,'LOGIN_AUTH',100),
	('undo_work_flow','work_flow','待办任务','flow/todoList.html',null,1,'LOGIN_AUTH',1),
	('work_flow_query','work_flow','任务跟踪','flow!historyListPage.do',null,1,'LOGIN_AUTH',2),
	('delegation','work_flow','授权','delegation!delegationSelfPage.do',null,1,'LOGIN_AUTH',3);
	
insert into t_resource 
(resource_id,parent_id,resource_name,address_url,resource_desc,resource_type,auth_type,sort_num)
values
('flow_launch','other','发起流程页面','flow!launch.do',null,1,'LOGIN_AUTH',1),
('flow_draftList','other','草稿列表','flow!draftList.do',null,1,'LOGIN_AUTH',1),
('flow_save','other','提交流程','flow!save.do',null,1,'LOGIN_AUTH',1),
('flow_todo_list','other','待办任务查询','flow!todoList.do',null,1,'LOGIN_AUTH',1),
('flow_deal_page','other','处理任务页面','flow!approve.do',null,1,'LOGIN_AUTH',1),
('flow_approve_result','other','查看审批意见页面','flow!approveResult.do',null,1,'LOGIN_AUTH',1),
('flow_deal','other','处理任务','flow!deal.do',null,1,'LOGIN_AUTH',1), 
('flow_history','other','办结任务列表','flow!historyList.do',null,1,'LOGIN_AUTH',1),	
('flow_view','other','查看任务','flow!view.do',null,1,'LOGIN_AUTH',1),
('flow_manage','other','任务管理','flow!manage.do',null,1,'LOGIN_AUTH',1),
('flow_modify','other','修改流程','flow!saveReconf.do',null,1,'LOGIN_AUTH',1),
('delegation_list','other','授权列表','delegation!list.do',null,1,'LOGIN_AUTH',1),
('delegation_insert','other','新增授权','delegation!insert.do',null,1,'LOGIN_AUTH',1),
('delegation_log_page','other','授权日志页面','delegation!logPage.do',null,1,'LOGIN_AUTH',1),
('delegation_log','other','授权日志','delegation!log.do',null,1,'LOGIN_AUTH',1),
('delegation_undo_log_page','other','授权待办任务页面','delegation!undoLog.do',null,1,'LOGIN_AUTH',1),
('delegation_undo_log','other','授权待办任务','delegation!undo.do',null,1,'LOGIN_AUTH',1),
('delegation_cancel','other','取消授权日志','delegation!cancel.do',null,1,'LOGIN_AUTH',1);

-- 系统设置
insert into t_resource
(resource_id,parent_id,resource_name,address_url,resource_desc,resource_type,auth_type,sort_num,icon_name)
values
('system_setting','root','系统设置',null,null,1,'AUTH',900,'icon-setting');
insert into t_resource
(resource_id,parent_id,resource_name,address_url,resource_desc,resource_type,auth_type,sort_num)
values
	('staff_manage','system_setting','用户管理','staff/list.html',null,1,'AUTH',1),
	('role_manage','system_setting','角色管理','role/list.html',null,1,'AUTH',2),
	('delegation_manage','system_setting','授权管理','delegation!manageList.do',null,1,'AUTH',3),
	('process_config','system_setting','流程配置','process!listPage.do',null,1,'AUTH',4);
	
INSERT INTO t_resource_option VALUES
	('process_config','流程列表','process!list.do'),
	('process_config','新增流程','process!insert.do'),
	('process_config','配置流程','process!insertReconf.do'),
	('process_config','修改流程','process!update.do'),
	('process_config','流程配置明细','process!listConfs.do'),
	('process_config','启用/挂起','process!updateStatus.do');	
	
INSERT INTO t_resource_option VALUES
('delegation_manage','授权列表','delegation!manage.do');	
	
-- 用户管理操作地址
INSERT INTO t_resource_option VALUES
('staff_manage','加载用户列表','staff!list.do'),
('staff_manage','新增用户','staff!insert.do'),
('staff_manage','修改用户','staff!update.do'),
('staff_manage','删除用户','staff!delete.do'),
('staff_manage','锁定','staff!lock.do'),
('staff_manage','解锁','staff!unlock.do'),
('staff_manage','重置密码','staff!reset.do');


-- 角色管理操作地址
INSERT INTO t_resource_option VALUES
('role_manage','加载角色列表','role!list.do'),
('role_manage','新增角色页面','role/add.html'),
('role_manage','新增角色','role!insert.do'),
('role_manage','修改角色','role!update.do'),
('role_manage','删除角色','role!delete.do'),
('role_manage','加载资源树','role!resource.do');

-- 日志表
insert into t_resource
(resource_id,parent_id,resource_name,address_url,resource_desc,resource_type,auth_type,sort_num,icon_name)
values
('system_log','root','系统日志',null,null,1,'AUTH',901,'log.png'),
	('log_login','system_log','登录日志','log/loginList.html',null,1,'AUTH',1,null),
	('log_opt','system_log','操作日志','log/optList.html',null,1,'AUTH',2,null);
INSERT INTO t_resource_option VALUES
('log_login','登录日志','log!login.do'),
('log_opt','操作日志','log!opt.do');

-- 添加图标
update t_resource set icon_name = 'files.png' where resource_id = 'file_manager';
update t_resource set icon_name = 'flowInput.png' where resource_id = 'FORMTEMPLATETYPE1';
update t_resource set icon_name = 'flowInput.png' where resource_id = 'formTmpType1';
update t_resource set icon_name = 'flowInput.png' where resource_id = 'formTmpType2';
update t_resource set icon_name = 'flowInput.png' where resource_id = 'formTmpType4';
update t_resource set icon_name = 'icon_process.png' where resource_id = 'process_manage';
update t_resource set icon_name = 'total.png' where resource_id = 'reportStatistics_manage';
update t_resource set icon_name = 'log.png' where resource_id = 'system_log';
update t_resource set icon_name = 'setting.png' where resource_id = 'system_setting';
update t_resource set icon_name = 'todo.png' where resource_id = 'work_flow';

-- 初始化角色
insert into t_role
(role_name,role_type,role_desc,create_user,create_date,last_update_date,level,data_type)
values 
('公司股东',1,'','INIT', NOW(),NOW(),0,0),
('公司董事长',1,'','INIT', NOW(),NOW(),0,0),
('公司董事',1,'','INIT', NOW(),NOW(),0,0),
('公司监事',1,'','INIT', NOW(),NOW(),0,0),
('公司经理',1,'','INIT', NOW(),NOW(),0,0),
('外聘专家',1,'','INIT', NOW(),NOW(),0,0),
('合伙人',1,'','INIT', NOW(),NOW(),0,0),
('董事总经理',1,'','INIT', NOW(),NOW(),0,0),
('执行董事',1,'','INIT', NOW(),NOW(),0,0),
('业务董事',1,'','INIT', NOW(),NOW(),0,0),
('高级分析师',1,'','INIT', NOW(),NOW(),0,0),
('分析师',1,'','INIT', NOW(),NOW(),0,0),
('信诺南海基金合伙人',1,'','INIT', NOW(),NOW(),0,0),
('信诺南海基金投决会委员',1,'','INIT', NOW(),NOW(),0,0),
('信诺南海基金项目成员',1,'','INIT', NOW(),NOW(),0,0),
('信诺汇智基金合伙人',1,'','INIT', NOW(),NOW(),0,0),
('信诺汇智基金投决会委员',1,'','INIT', NOW(),NOW(),0,0),
('信诺汇智基金项目成员',1,'','INIT', NOW(),NOW(),0,0),
('信诺东海基金合伙人',1,'','INIT', NOW(),NOW(),0,0),
('信诺东海基金投决会委员',1,'','INIT', NOW(),NOW(),0,0),
('信诺东海基金项目成员',1,'','INIT', NOW(),NOW(),0,0),
('系统管理员',1,'','INIT', NOW(),NOW(),0,0),
('信息维护专员',1,'','INIT', NOW(),NOW(),0,0),
('系统维护专员',1,'','INIT', NOW(),NOW(),0,0),
('财务信息专员',1,'','INIT', NOW(),NOW(),0,0),
('行政信息专员',1,'','INIT', NOW(),NOW(),0,0),
('系统信息专员',1,'','INIT', NOW(),NOW(),0,0),
('项目经理',2,'','INIT', NOW(),NOW(),0,2),
('项目主办人',2,'','INIT', NOW(),NOW(),0,2),
('项目成员 ',2,'','INIT', NOW(),NOW(),0,1),
('基金合伙人 ',2,'','INIT', NOW(),NOW(),0,2),
('基金投决会委员 ',2,'','INIT', NOW(),NOW(),0,2),
('基金项目成员 ',2,'','INIT', NOW(),NOW(),0,2);

-- 插入定时邮件提醒任务
INSERT INTO t_schedule_task
  (ID,TASK_NAME,TASK_DESC,GROUP_ID,GROUP_NAME,EXPRESS,HANDLER_CLASS,PARAMETERS,CATEGORY,STARTDATE,STATUS,DELETEFLAG)
VALUES
  ('DCFC_timedEmailReminder','DCFC定时邮件提醒任务','这个JOB12点调用一次','DCFC_timedReminder','启动定时邮件提醒任务',
'0 00 12 * * ?','com.chz.smartoa.taskScheduler.TimedEmailReminder','times=1','','',0,0);	

-- 初始化管理员权限
insert into t_role_resource
VALUES
((SELECT role_id from t_role where role_name = '系统管理员'),'role_manage'),
((SELECT role_id from t_role where role_name = '系统管理员'),'staff_manage');

-- 关联系统管理员角色
INSERT into t_staff_role(login_name,role_id)VALUES ('admin',(SELECT role_id from t_role where role_name = '系统管理员'));
INSERT into t_staff_role(login_name,role_id)VALUES ('fujunru',(SELECT role_id from t_role where role_name = '公司经理'));
INSERT into t_staff_role(login_name,role_id)VALUES ('chenyuanming',(SELECT role_id from t_role where role_name = '公司董事'));
INSERT into t_staff_role(login_name,role_id)VALUES ('dingfanlun',(SELECT role_id from t_role where role_name = '公司监事'));
INSERT into t_staff_role(login_name,role_id)VALUES ('miaoyan',(SELECT role_id from t_role where role_name = '行政信息专员'));
		


INSERT INTO t_re_procdef (procdef_id_,name_,version_,complete_remind_,uplink_,manager_,Important_grade_,procdef_status_,create_time_) 
VALUES
 ('3b366424-3001-43f9-960d-645d74375c2b','A1总经理会事宜报告模版',1,0,0,'admin',0,1,'2015-4-7 16:51:56'),
 ('866fc82a-15d5-4582-84f2-4514e2c0924a','A2合伙人会事宜报告模版',1,0,0,'admin',0,1,'2015-4-7 17:00:47');
INSERT INTO t_re_conf (conf_id_,sort_num_,procdef_id_,task_desc_,action_type_,action_obj_,action_obj_type_,is_turn_,is_ask_,expiry_days_,arrive_remind_,expiry_remind_,template_id_)
VALUES 
(10,1,'3b366424-3001-43f9-960d-645d74375c2b','公司经理审批',1,'5',2,0,0,1,0,0,NULL),
(11,2,'3b366424-3001-43f9-960d-645d74375c2b','抄送公司董事阅处',3,'3',2,0,0,1,0,0,NULL),
(12,2,'3b366424-3001-43f9-960d-645d74375c2b','抄送公司监事阅处',3,'4',2,0,0,1,0,0,NULL),
(13,4,'3b366424-3001-43f9-960d-645d74375c2b','抄送行政专员阅处',3,'26',2,0,0,1,0,0,NULL),
(14,1,'866fc82a-15d5-4582-84f2-4514e2c0924a','公司经理审批',1,'5',2,0,0,1,0,0,NULL),
(15,2,'866fc82a-15d5-4582-84f2-4514e2c0924a','合伙人审批',1,'7',2,0,0,1,0,0,NULL),
(16,3,'866fc82a-15d5-4582-84f2-4514e2c0924a','抄送公司经理阅处',3,'5',2,0,0,1,0,0,NULL),
(17,3,'866fc82a-15d5-4582-84f2-4514e2c0924a','抄送公司董事阅处',3,'3',2,0,0,1,0,0,NULL),
(18,3,'866fc82a-15d5-4582-84f2-4514e2c0924a','抄送公司监事阅处',3,'4',2,0,0,1,0,0,NULL),
(19,3,'866fc82a-15d5-4582-84f2-4514e2c0924a','抄送公司股东阅处',3,'1',2,0,0,1,0,0,NULL),
(20,5,'866fc82a-15d5-4582-84f2-4514e2c0924a','抄送行政专员阅处',3,'26',2,0,0,1,0,0,NULL);
update t_re_conf set is_modify_ = 0;

insert into t_resource
(resource_id,parent_id,resource_name,address_url,resource_desc,resource_type,auth_type,sort_num)
VALUES
('dictionary_manage','system_setting','字典管理','dictionary/list.html',null,1,'AUTH',3),
('file_manager','root','文件管理',NULL,null,1,'AUTH',300),
('file_publicInfo','file_manager','公共信息','filemanager/list_public.html',null,1,'AUTH',1),
('file_technologyInfo','file_manager','技术信息','filemanager/list_technology.html',null,1,'AUTH',2),
-- ('affiche_manager','system_setting','公告管理','afficheInfo/list.html',null,1,'AUTH',6),
('calendar_manager','system_setting','日历管理','calendarInfo/manager.html',null,1,'AUTH',7),
('workPlan_manager','other','日程管理','workPlanInfo/manager.html',null,1,'LOGIN_AUTH',8),
('dictionary_getSonList','other','获取子字典项','filemanager!getSonList.do',null,1,'LOGIN_AUTH',1),
('file_delete','other','删除文件管理表记录','filemanager!deleteForPage.do',null,1,'LOGIN_AUTH',1),
('file_grouplist','other','流程未提交的文件列表','filemanager!getGroupFilelist.do',null,1,'LOGIN_AUTH',1),
('file_saveAddFile','other','保存附件','upload!saveAddFile.do',null,1,'LOGIN_AUTH',1),
('file_saveUpdate','other','流程未提交的附件修改保存','upload!saveFileForUpdate.do',null,1,'LOGIN_AUTH',1),
('file_seeContent','other','查看附件内容','filemanager!examineFileContent.do',null,1,'LOGIN_AUTH',1),
('file_update','other','附件修改界面','filemanager!updateWindow.do',null,1,'LOGIN_AUTH',1),
('file_updateSave','other','附件修改保存操作','upload!saveAfterFileForUpdate.do',null,1,'LOGIN_AUTH',1),
('file_saveFileForAudit','other','审批过程中添加附件','upload!saveFileForAudit.do',null,1,'LOGIN_AUTH',1),
('file_upload','other','文件上传界面','/filemanager!addWindow.do',null,1,'LOGIN_AUTH',1),
('file_firstPageForPublic','other','首页公共信息显示','filemanager!displayInfoForPublic.do',null,1,'LOGIN_AUTH',1),
('file_firstPageForTechnology','other','首页技术信息显示','filemanager!displayInfoForTechnology.do',null,1,'LOGIN_AUTH',1),
('file_firstPageForAffiche','other','首页公告信息显示','afficheInfo!firstPageForNewAffiche.do',null,1,'LOGIN_AUTH',1),
('file_firstPageForAfficheSeeContent','other','首页公告信息查看详细内容','afficheInfo!firstPgeeForSeeContent.do',null,1,'LOGIN_AUTH',1),
('file_filedownLoad','other','文件下载','download!filedownLoad.do',null,1,'LOGIN_AUTH',1),
('workPlanInfo_save','other','日程数据保存操作','workPlanInfo!save.do',null,1,'LOGIN_AUTH',1),
('workPlanInfo_queryWorkPlan','other','根据日期获取日程数据','workPlanInfo!queryWorkPlan.do',null,1,'LOGIN_AUTH',1),
('workPlanInfo_toEidt','other','日程数据编辑','workPlanInfo!toEidt.do',null,1,'LOGIN_AUTH',1),
('workPlanInfo_delete','other','日程数据删除操作','workPlanInfo!delete.do',null,1,'LOGIN_AUTH',1),
('workPlanInfo_queryWorkDateForDate','other','获取前后一个月已设置的日程时间','workPlanInfo!queryWorkDateForDate.do',null,1,'LOGIN_AUTH',1),
('workPlanInfo_firstPageForNewWorkPlan','other','当天的日程安排数据列表','workPlanInfo!firstPageForNewWorkPlan.do',null,1,'LOGIN_AUTH',1),
('workPlanInfo_firstPgeeForSeeContent','other','查看日程相信内容','workPlanInfo!firstPgeeForSeeContent.do',null,1,'LOGIN_AUTH',1),
('file_findFileListPage','other','查看文件视图界面','filemanager/list_query.html',null,1,'LOGIN_AUTH',1),
('file_findFileList','other','查看所有允许查看的附件','filemanager!findFileList.do',null,1,'LOGIN_AUTH',1),
('file_querymorePublic','other','查询更多公共信息列表','filemanager/query_more_public.html',null,1,'LOGIN_AUTH',1),
('file_querymoreTechnology','other','查询更多技术信息列表','filemanager/query_more_technology.html',null,1,'LOGIN_AUTH',1);



insert into t_resource_option values('dictionary_manage','加载字典配置菜单','dictionary!generateTree.do');
insert into t_resource_option values('dictionary_manage','查询字典列表','dictionary!list.do');
insert into t_resource_option values('dictionary_manage','添加字典','dictionary/add.html');
insert into t_resource_option values('dictionary_manage','保存字典','dictionary!saveInsert.do');
insert into t_resource_option values('dictionary_manage','字典项新增页面','dictionary!toInsertSub.do');
insert into t_resource_option values('dictionary_manage','保存子字典项','dictionary!saveSubInsert.do');
insert into t_resource_option values('dictionary_manage','字典项修改界面','dictionary!toEdit.do');
insert into t_resource_option values('dictionary_manage','字典项保存修改','dictionary!saveUpdate.do');
insert into t_resource_option values('dictionary_manage','加载公共信息字典菜单项','dictionary!treeForPublic.do');
insert into t_resource_option values('dictionary_manage','加载技术信息字典菜单项','dictionary!treeForTechnology.do');

insert into t_resource_option values('file_publicInfo','附件列表公共信息查询','filemanager!listForPublic.do');
insert into t_resource_option values('file_publicInfo','附件修改界面','filemanager!toEditpage.do');
insert into t_resource_option values('file_publicInfo','删除操作','filemanager!delete.do');
insert into t_resource_option values('file_publicInfo','保存修改后的附件','upload!saveUpdateFile.do');
insert into t_resource_option values('file_publicInfo','添加附件','filemanager/add.html');
insert into t_resource_option values('file_publicInfo','根据groupId获取附件列表显示界面','filemanager/group_list.html');
insert into t_resource_option values('file_publicInfo','附件公开操作','filemanager!toPublic.do');
insert into t_resource_option values('file_publicInfo','附件公开操作','filemanager!unPublic.do');
insert into t_resource_option values('file_technologyInfo','附件非公开操作','filemanager!toPublic.do');
insert into t_resource_option values('file_technologyInfo','附件非公开操作','filemanager!unPublic.do');
insert into t_resource_option values('file_technologyInfo','附件列表技术信息查询','filemanager!listFortechnology.do');



-- insert into t_resource_option values('affiche_manager','查询公告列表','afficheInfo!queryList.do');
-- insert into t_resource_option values('affiche_manager','新增公告页面','afficheInfo/add.html');
-- insert into t_resource_option values('affiche_manager','保存公告','afficheInfo!saveAdd.do');
-- insert into t_resource_option values('affiche_manager','公告修改界面','afficheInfo!editPage.do');
-- insert into t_resource_option values('affiche_manager','保存公告修改','afficheInfo!saveModify.do');
-- insert into t_resource_option values('affiche_manager','彻底删除公告记录','afficheInfo!delete.do');
-- insert into t_resource_option values('affiche_manager','查看公告信息','afficheInfo!queryAfficheInfo.do');


insert into t_resource_option values('calendar_manager','根据日期获取日历数据','calendarInfo!queryCalendar.do');
insert into t_resource_option values('calendar_manager','日历数据保存操作','calendarInfo!save.do');
insert into t_resource_option values('calendar_manager','日历数据界面修改','calendarInfo!toEidt.do');
insert into t_resource_option values('calendar_manager','日历数据删除操作','calendarInfo!delete.do');
insert into t_resource_option values('calendar_manager','根据日期获取日历数据(显示日程节假日)','calendarInfo!queryCalendarForDate.do');
insert into t_resource_option values('calendar_manager','根据日期获取指定日期数据','calendarInfo!findCalendar.do');



update t_resource set icon_name = 'files.png' where resource_id = 'file_manager';


INSERT INTO t_resource_option VALUES
('role_manage','角色对应文件类型允许权限设置','role!allowfileTypes.do');

INSERT INTO t_resource_option VALUES
('role_manage','角色对应文件类型不允许权限设置','role!unAllowfileTypes.do');

INSERT INTO T_DICTIONARY_CONFIG VALUES (1, '--- 项目客户档案 ---', 'cfg_xmkhdangan', 1, 93, 1, 1, NULL, NULL, 1, NULL, 2, NULL);

INSERT INTO T_DICTIONARY_CONFIG VALUES (2, '项目客户资料', 'cfg_pro_customer_data', 2, 93, 1, 1, NULL, NULL, 1, NULL, 2, NULL);
INSERT INTO T_DICTIONARY_CONFIG VALUES (3, '基本证照', 'cfg_base_zz', 1, 22, NULL, 1, NULL, '01-{yy}', 1, NULL, 3,2);
INSERT INTO T_DICTIONARY_CONFIG VALUES (4, '行业技术', 'cfg_trade_technology', 2, 2, NULL, 1, NULL, '02-{yy}', 1, NULL, 3,2);
INSERT INTO T_DICTIONARY_CONFIG VALUES (5, '财务信息', 'cfg_finance_info', 3, 2, NULL, 1, NULL, '03-{yy}', 1, NULL, 3,2);
INSERT INTO T_DICTIONARY_CONFIG VALUES (6, '内部控制', 'cfg_in_control', 4, 2, NULL, 1, NULL, '04-{yy}', 1, NULL, 3,2);
INSERT INTO T_DICTIONARY_CONFIG VALUES (7, '组织人事', 'cfg_organize_people', 5, 2, NULL, 1, NULL, '05-{yy}', 1, NULL, 3,2);
INSERT INTO T_DICTIONARY_CONFIG VALUES (8, '分支机构', 'cfg_branch_orgn', 6, 2, NULL, 1, NULL, '06-{yy}', 1, NULL, 3,2);
INSERT INTO T_DICTIONARY_CONFIG VALUES (9, '发展规划', 'cfg_dev_plan', 7, 2, NULL, 1, NULL, '07-{yy}', 1, NULL, 3,2);
INSERT INTO T_DICTIONARY_CONFIG VALUES (10, '其他资料', 'cfg_other_data', 8, 2, NULL, 1, NULL, '08-{yy}', 1, NULL, 3,2);

INSERT INTO T_DICTIONARY_CONFIG VALUES (11, '项目服务控制', 'cfg_pro_service_control', 3, 93, 1, 1, NULL, NULL, 1, NULL, 2, NULL);
INSERT INTO T_DICTIONARY_CONFIG VALUES (12, '投标文件', 'cfg_toubiao_file', 1, 11, NULL, 1, NULL, '11-{yy}', 1, NULL, 3,2);
INSERT INTO T_DICTIONARY_CONFIG VALUES (13, '立项报告', 'cfg_lixiang_report', 2, 11, NULL, 1, NULL, '12-{yy}', 1, NULL, 3,2);
INSERT INTO T_DICTIONARY_CONFIG VALUES (14, '预算决算', 'cfg_yusuan_juesuan', 3, 11, NULL, 1, NULL, '13-{yy}', 1, NULL, 3,2);
INSERT INTO T_DICTIONARY_CONFIG VALUES (15, '尽职调查', 'cfg_jinzhidiaocha', 4, 11, NULL, 1, NULL, '14-{yy}', 1, NULL, 3,2);
INSERT INTO T_DICTIONARY_CONFIG VALUES (16, '投资评估', 'cfg_touzipinggu', 5, 11, NULL, 1, NULL, '15-{yy}', 1, NULL, 3,2);
INSERT INTO T_DICTIONARY_CONFIG VALUES (17, '沟通记录', 'cfg_goutong_record', 6, 11, NULL, 1, NULL, '16-{yy}', 1, NULL, 3,2);
INSERT INTO T_DICTIONARY_CONFIG VALUES (18, '专题报告', 'cfg_zhuanti_report', 7, 11, NULL, 1, NULL, '17-{yy}', 1, NULL, 3,2);
INSERT INTO T_DICTIONARY_CONFIG VALUES (19, '协议合同', 'cfg_protocol_bargain', 8, 11, NULL, 1, NULL, '18-{yy}', 1, NULL, 3,2);
INSERT INTO T_DICTIONARY_CONFIG VALUES (20, '其他文件', 'cfg_other_file', 9, 11, NULL, 1, NULL, '19-{yy}', 1, NULL, 3,2);

INSERT INTO T_DICTIONARY_CONFIG VALUES (21, '--- 信诺投资档案 ---', 'cfg_xntzdangan', 4, 93, 1, 1, NULL, NULL, 1, NULL, 2, NULL);

INSERT INTO T_DICTIONARY_CONFIG VALUES (22, '公司运行环境', 'cfg_company_run_entironment', 5, 93, 1, 1, NULL, NULL, 1, NULL, 2, NULL);
INSERT INTO T_DICTIONARY_CONFIG VALUES (23, '行业', 'cfg_hangye', 1, 22, NULL, 1, NULL, '11-{yy}', 1, NULL, 3,2);
INSERT INTO T_DICTIONARY_CONFIG VALUES (24, '工商', 'cfg_gongshang', 2, 22, NULL, 1, NULL, '12-{yy}', 1, NULL, 3,2);
INSERT INTO T_DICTIONARY_CONFIG VALUES (25, '国税', 'cfg_guoshui', 3, 22, NULL, 1, NULL, '13-{yy}', 1, NULL, 3,2);
INSERT INTO T_DICTIONARY_CONFIG VALUES (26, '地税', 'cfg_dishui', 4, 22, NULL, 1, NULL, '14-{yy}', 1, NULL, 3,2);
INSERT INTO T_DICTIONARY_CONFIG VALUES (27, '银行', 'cfg_bank', 5, 22, NULL, 1, NULL, '15-{yy}', 1, NULL, 3,2);
INSERT INTO T_DICTIONARY_CONFIG VALUES (28, '网站', 'cfg_network', 6, 22, NULL, 1, NULL, '16-{yy}', 1, NULL, 3,2);
INSERT INTO T_DICTIONARY_CONFIG VALUES (29, '其他', 'cfg_other', 7, 22, NULL, 1, NULL, '17-{yy}', 1, NULL, 3,2);

INSERT INTO T_DICTIONARY_CONFIG VALUES (30, '公司基本制度', 'cfg_company_base_system', 6, 93, 1, 1, NULL, NULL, 1, NULL, 2, NULL);
INSERT INTO T_DICTIONARY_CONFIG VALUES (31, '基本规章', 'cfg_base_guizhang', 1, 30, NULL, 1, NULL, '21-{yy}', 1, NULL, 3,2);
INSERT INTO T_DICTIONARY_CONFIG VALUES (32, '业务管理', 'cfg_service_manage', 2, 30, NULL, 1, NULL, '22-{yy}', 1, NULL, 3,2);
INSERT INTO T_DICTIONARY_CONFIG VALUES (33, '财务会计', 'cfg_finance_accountant', 3, 30, NULL, 1, NULL, '23-{yy}', 1, NULL, 3,2);
INSERT INTO T_DICTIONARY_CONFIG VALUES (34, '组织人事', 'cfg_zuzhirenshi', 4, 30, NULL, 1, NULL, '24-{yy}', 1, NULL, 3,2);
INSERT INTO T_DICTIONARY_CONFIG VALUES (35, '网络通信', 'cfg_network_tongxin', 5, 30, NULL, 1, NULL, '25-{yy}', 1, NULL, 3,2);
INSERT INTO T_DICTIONARY_CONFIG VALUES (36, '档案管理', 'cfg_archives_manage', 6, 30, NULL, 1, NULL, '26-{yy}', 1, NULL, 3,2);
INSERT INTO T_DICTIONARY_CONFIG VALUES (37, '行政后台', 'cfg_xingzhenghoutai', 7, 30, NULL, 1, NULL, '27-{yy}', 1, NULL, 3,2);
INSERT INTO T_DICTIONARY_CONFIG VALUES (38, '其他规章', 'cfg_other_rule', 8, 30, NULL, 1, NULL, '28-{yy}', 1, NULL, 3,2);

INSERT INTO T_DICTIONARY_CONFIG VALUES (39, '公司内控决策', 'cfg_company_in_decision', 7, 93, 1, 1, NULL, NULL, 1, NULL, 2, NULL);
INSERT INTO T_DICTIONARY_CONFIG VALUES (40, '股东会议', 'cfg_gudong_meeting', 1, 39, NULL, 1, NULL, '31-{yy}', 1, NULL, 3,2);
INSERT INTO T_DICTIONARY_CONFIG VALUES (41, '执行董事', 'cfg_zhixingdongshi', 2, 39, NULL, 1, NULL, '32-{yy}', 1, NULL, 3,2);
INSERT INTO T_DICTIONARY_CONFIG VALUES (42, '合伙人会议', 'cfg_cobber_meeting', 3, 39, NULL, 1, NULL, '33-{yy}', 1, NULL, 3,2);
INSERT INTO T_DICTIONARY_CONFIG VALUES (43, '公司通知', 'cfg_company_notice', 4, 39, NULL, 1, NULL, '34-{yy}', 1, NULL, 3,2);
INSERT INTO T_DICTIONARY_CONFIG VALUES (44, '归档记录', 'cfg_guidang_record', 5, 39, NULL, 1, NULL, '35-{yy}', 1, NULL, 3,2);
INSERT INTO T_DICTIONARY_CONFIG VALUES (45, '印鉴控制', 'cfg_yinjian_control', 6, 39, NULL, 1, NULL, '36-{yy}', 1, NULL, 3,2);
INSERT INTO T_DICTIONARY_CONFIG VALUES (46, '其他控制', 'cfg_other_control', 7, 39, NULL, 1, NULL, '37-{yy}', 1, NULL, 3,2);

INSERT INTO T_DICTIONARY_CONFIG VALUES (47, '公司证照资料', 'cfg_company_certificate_data', 8, 93, 1, 1, NULL, NULL, 1, NULL, 2, NULL);
INSERT INTO T_DICTIONARY_CONFIG VALUES (48, '营业执照', 'cfg_business_certificate', 1, 47, NULL, 1, NULL, '01-{yy}', 1, NULL, 3,2);
INSERT INTO T_DICTIONARY_CONFIG VALUES (49, '国税登记', 'cfg_guoshui_register', 2, 47, NULL, 1, NULL, '02-{yy}', 1, NULL, 3,2);
INSERT INTO T_DICTIONARY_CONFIG VALUES (50, '地税登记', 'cfg_dishui_register', 3, 47, NULL, 1, NULL, '03-{yy}', 1, NULL, 3,2);
INSERT INTO T_DICTIONARY_CONFIG VALUES (51, '组织机构代码登记', 'cfg_zzjg_code_register', 4, 47, NULL, 1, NULL, '04-{yy}', 1, NULL, 3,2);
INSERT INTO T_DICTIONARY_CONFIG VALUES (52, '银行基本帐户', 'cfg_bank_base_account', 5, 47, NULL, 1, NULL, '05-{yy}', 1, NULL, 3,2);
INSERT INTO T_DICTIONARY_CONFIG VALUES (53, '其他证照资料', 'cfg_other_certificate_data', 6, 47, NULL, 1, NULL, '06-{yy}', 1, NULL, 3,2);

INSERT INTO T_DICTIONARY_CONFIG VALUES (54, '公司技术支持', 'cfg_company_tech_suppor', 9, 93, 2, 1, NULL, NULL, 1, NULL, 2, NULL);
INSERT INTO T_DICTIONARY_CONFIG VALUES (55, '基本法律法规', 'cfg_base_lex_rule', 1, 54, NULL, 1, NULL, '41-{yy}', 1, NULL, 3,2);
INSERT INTO T_DICTIONARY_CONFIG VALUES (56, '基本市场数据', 'cfg_base_market_data', 2, 54, NULL, 1, NULL, '42-{yy}', 1, NULL, 3,2);
INSERT INTO T_DICTIONARY_CONFIG VALUES (57, '专题研究资料', 'cfg_ztyj_data', 3, 54, NULL, 1, NULL, '43-{yy}', 1, NULL, 3,2);
INSERT INTO T_DICTIONARY_CONFIG VALUES (58, '其他技术资料', 'cfg_other_tech_data', 4, 54, NULL, 1, NULL, '44-{yy}', 1, NULL, 3,2);

INSERT INTO T_DICTIONARY_CONFIG VALUES (59, '公司标准文档', 'cfg_company_standard_document', 10, 93, 2, 1, NULL, NULL, 1, NULL, 2, NULL);
INSERT INTO T_DICTIONARY_CONFIG VALUES (60, '项目建议', 'cfg_pro_advice', 1, 59, NULL, 1, NULL, '51-{yy}', 1, NULL, 3,2);
INSERT INTO T_DICTIONARY_CONFIG VALUES (61, '服务方案', 'cfg_service_scheme', 2, 59, NULL, 1, NULL, '52-{yy}', 1, NULL, 3,2);
INSERT INTO T_DICTIONARY_CONFIG VALUES (62, '尽职调查', 'cfg_jz_research', 3, 59, NULL, 1, NULL, '53-{yy}', 1, NULL, 3,2);
INSERT INTO T_DICTIONARY_CONFIG VALUES (63, '工作备忘', 'cfg_work_bw', 4, 59, NULL, 1, NULL, '54-{yy}', 1, NULL, 3,2);
INSERT INTO T_DICTIONARY_CONFIG VALUES (64, '流程控制', 'cfg_flow_control', 5, 59, NULL, 1, NULL, '55-{yy}', 1, NULL, 3,2);
INSERT INTO T_DICTIONARY_CONFIG VALUES (65, '协议模档', 'cfg_protocal_template', 6, 59, NULL, 1, NULL, '56-{yy}', 1, NULL, 3,2);
INSERT INTO T_DICTIONARY_CONFIG VALUES (66, '业务手册', 'cfg_service_notebook', 7, 59, NULL, 1, NULL, '57-{yy}', 1, NULL, 3,2);
INSERT INTO T_DICTIONARY_CONFIG VALUES (67, '其他模档', 'cfg_other_template', 8, 59, NULL, 1, NULL, '58-{yy}', 1, NULL, 3,2);

INSERT INTO T_DICTIONARY_CONFIG VALUES (68, '公司人员信息', 'cfg_company_employee_info', 11, 93, 1, 1, NULL, NULL, 1, NULL, 2, NULL);
INSERT INTO T_DICTIONARY_CONFIG VALUES (69, '合伙人个人资料', 'cfg_cobber_self_info', 1, 68, NULL, 1, NULL, '61-{yy}', 1, NULL, 3,2);
INSERT INTO T_DICTIONARY_CONFIG VALUES (70, '外聘专家资料', 'cfg_out_expert_info', 2, 68, NULL, 1, NULL, '62-{yy}', 1, NULL, 3,2);
INSERT INTO T_DICTIONARY_CONFIG VALUES (71, '职员个人资料', 'cfg_employee_info', 3, 68, NULL, 1, NULL, '63-{yy}', 1, NULL, 3,2);
INSERT INTO T_DICTIONARY_CONFIG VALUES (72, '公司人员通行录', 'cfg_company_employee_permit_record', 4, 68, NULL, 1, NULL, '64-{yy}', 1, NULL, 3,2);

INSERT INTO T_DICTIONARY_CONFIG VALUES (73, '公司客户维护', 'cfg_customer_vindicate', 12, 93, 1, 1, NULL, NULL, 1, NULL, 2, NULL);
INSERT INTO T_DICTIONARY_CONFIG VALUES (74, '客户基本统计', 'cfg_customer_base_stat', 1, 73, NULL, 1, NULL, '71-{yy}', 1, NULL, 3,2);
INSERT INTO T_DICTIONARY_CONFIG VALUES (75, '客户维护记录', 'cfg_customer_vindicate_record', 2, 73, NULL, 1, NULL, '72-{yy}', 1, NULL, 3,2);
INSERT INTO T_DICTIONARY_CONFIG VALUES (76, '客户合同原件', 'cfg_customer_bargain_org', 3, 73, NULL, 1, NULL, '73-{yy}', 1, NULL, 3,2);
INSERT INTO T_DICTIONARY_CONFIG VALUES (77, '其他客服资料', 'cfg_other_customer_data', 4, 73, NULL, 1, NULL, '74-{yy}', 1, NULL, 3,2);

INSERT INTO T_DICTIONARY_CONFIG VALUES (78, '公司财务会计', 'cfg_company_finance_accountant', 13, 93, 1, 1, NULL, NULL, 1, NULL, 2, NULL);
INSERT INTO T_DICTIONARY_CONFIG VALUES (79, '财务会计报表', 'cfg_finance_accountnt_report', 1, 78, NULL, 1, NULL, '81-{yy}', 1, NULL, 3,2);
INSERT INTO T_DICTIONARY_CONFIG VALUES (80, '原始凭证单据', 'cfg_org_credence_bill', 2, 78, NULL, 1, NULL, '82-{yy}', 1, NULL, 3,2);
INSERT INTO T_DICTIONARY_CONFIG VALUES (81, '国税纳税申报', 'cfg_guo_na_apply', 3, 78, NULL, 1, NULL, '83-{yy}', 1, NULL, 3,2);
INSERT INTO T_DICTIONARY_CONFIG VALUES (82, '地税纳税申报', 'cfg_di_na_apply', 4, 78, NULL, 1, NULL, '84-{yy}', 1, NULL, 3,2);
INSERT INTO T_DICTIONARY_CONFIG VALUES (83, '注册验资报告', 'cfg_register_yan_report', 5, 78, NULL, 1, NULL, '85-{yy}', 1, NULL, 3,2);
INSERT INTO T_DICTIONARY_CONFIG VALUES (84, '固定资产明细', 'cfg_gu_zc_detail', 6, 78, NULL, 1, NULL, '86-{yy}', 1, NULL, 3,2);
INSERT INTO T_DICTIONARY_CONFIG VALUES (85, '其他财务资料', 'cfg_other_finance_data', 7, 78, NULL, 1, NULL, '87-{yy}', 1, NULL, 3,2);

INSERT INTO T_DICTIONARY_CONFIG VALUES (86, '公司经营分析', 'cfg_work_analyse', 14, 93, 1, 1, NULL, NULL, 1, NULL, 2, NULL);
INSERT INTO T_DICTIONARY_CONFIG VALUES (87, '业务管理分析', 'cfg_business_manage_analyse', 1, 86, NULL, 1, NULL, '91-{yy}', 1, NULL, 3,2);
INSERT INTO T_DICTIONARY_CONFIG VALUES (88, '财务管理分析', 'cfg_finance_manage_analyse', 2, 86, NULL, 1, NULL, '92-{yy}', 1, NULL, 3,2);
INSERT INTO T_DICTIONARY_CONFIG VALUES (89, '人事管理分析', 'cfg_people_analyse', 3, 86, NULL, 1, NULL, '93-{yy}', 1, NULL, 3,2);
INSERT INTO T_DICTIONARY_CONFIG VALUES (90, '绩效管理分析', 'cfg_performance_manage_analyse', 4, 86, NULL, 1, NULL, '94-{yy}', 1, NULL, 3,2);
INSERT INTO T_DICTIONARY_CONFIG VALUES (91, '风险控制分析', 'cfg_risk_control_analyse', 5, 86, NULL, 1, NULL, '95-{yy}', 1, NULL, 3,2);
INSERT INTO T_DICTIONARY_CONFIG VALUES (92, '其他经营分析', 'cfg_other_work_analyse', 6, 86, NULL, 1, NULL, '96-{yy}', 1, NULL, 3,2);

INSERT INTO T_DICTIONARY_CONFIG VALUES (93, '文件类型', 'cfg_wenjianleixing', 1, -1, NULL, 1, NULL, NULL, 1, NULL, 1, NULL);
INSERT INTO T_DICTIONARY_CONFIG VALUES (94, '所在省市', 'cfg_suoshushegnshi', 2, -1, NULL, 1, NULL, NULL, 3, NULL, 1, NULL);
INSERT INTO T_DICTIONARY_CONFIG VALUES (95, '所属行业', 'cfg_suoshuhangye', 3, -1, NULL, 1, NULL, NULL, 3, NULL, 1, NULL);
INSERT INTO T_DICTIONARY_CONFIG VALUES (96, '业务品种', 'cfg_yewupinzhong', 4, -1, NULL, 1, NULL, NULL, 3, NULL, 1, NULL);
INSERT INTO T_DICTIONARY_CONFIG VALUES (97, '费用性质', 'cfg_feiyongxingzhi', 5, -1, NULL, 1, NULL, NULL, 3, NULL, 1, NULL);
INSERT INTO T_DICTIONARY_CONFIG VALUES (98, '专业级别', 'cfg_zhuanshujibie', 6, -1, NULL, 1, NULL, NULL, 3, NULL, 1, NULL);
INSERT INTO T_DICTIONARY_CONFIG VALUES (99, '承担角色', 'cfg_chengdanjuese', 7, -1, NULL, 1, NULL, NULL, 3, NULL, 1, NULL);
INSERT INTO T_DICTIONARY_CONFIG VALUES (100, '招待对象', 'zhaodaiduixiang', 8, -1, NULL, 1, NULL, NULL, 3, NULL, 1, NULL);

INSERT INTO T_DICTIONARY_CONFIG VALUES (101, '北京', 'SSCS_BEIJING', 1, 94, 3, 1, NULL, NULL, 3, NULL, 2, NULL);
INSERT INTO T_DICTIONARY_CONFIG VALUES (102, '天津', 'SSCS_TIANJING', 1, 94, 3, 1, NULL, NULL, 3, NULL, 2, NULL);
INSERT INTO T_DICTIONARY_CONFIG VALUES (103, '上海', 'SSCS_SHANGHAI', 1, 94, 3, 1, NULL, NULL, 3, NULL, 2, NULL);
INSERT INTO T_DICTIONARY_CONFIG VALUES (104, '重庆', 'SSCS_CHONGQING', 1, 94, 3, 1, NULL, NULL, 3, NULL, 2, NULL);
INSERT INTO T_DICTIONARY_CONFIG VALUES (105, '黑龙江', 'SSCS_HEILONGJIANG', 1, 94, 3, 1, NULL, NULL, 3, NULL, 2, NULL);
INSERT INTO T_DICTIONARY_CONFIG VALUES (106, '吉林', 'SSCS_JILIN', 1, 94, 3, 1, NULL, NULL, 3, NULL, 2, NULL);
INSERT INTO T_DICTIONARY_CONFIG VALUES (107, '辽宁', 'SSCS_LIAONING', 1, 94, 3, 1, NULL, NULL, 3, NULL, 2, NULL);
INSERT INTO T_DICTIONARY_CONFIG VALUES (108, '新疆', 'SSCS_XINJIANG', 1, 94, 3, 1, NULL, NULL, 3, NULL, 2, NULL);
INSERT INTO T_DICTIONARY_CONFIG VALUES (109, '内蒙古', 'SSCS_NEIMENGGU', 1, 94, 3, 1, NULL, NULL, 3, NULL, 2, NULL);
INSERT INTO T_DICTIONARY_CONFIG VALUES (110, '甘肃', 'SSCS_GANSU', 1, 94, 3, 1, NULL, NULL, 3, NULL, 2, NULL);
INSERT INTO T_DICTIONARY_CONFIG VALUES (111, '陕西', 'SSCS_SHANXI1', 1, 94, 3, 1, NULL, NULL, 3, NULL, 2, NULL);
INSERT INTO T_DICTIONARY_CONFIG VALUES (112, '山西', 'SSCS_SHANXI2', 1, 94, 3, 1, NULL, NULL, 3, NULL, 2, NULL);
INSERT INTO T_DICTIONARY_CONFIG VALUES (113, '河北', 'SSCS_HEBEI', 1, 94, 3, 1, NULL, NULL, 3, NULL, 2, NULL);
INSERT INTO T_DICTIONARY_CONFIG VALUES (114, '河南', 'SSCS_HENAN', 1, 94, 3, 1, NULL, NULL, 3, NULL, 2, NULL);
INSERT INTO T_DICTIONARY_CONFIG VALUES (115, '山东', 'SSCS_SHANDONG', 1, 94, 3, 1, NULL, NULL, 3, NULL, 2, NULL);
INSERT INTO T_DICTIONARY_CONFIG VALUES (116, '西藏', 'SSCS_XIZANG', 1, 94, 3, 1, NULL, NULL, 3, NULL, 2, NULL);
INSERT INTO T_DICTIONARY_CONFIG VALUES (117, '四川', 'SSCS_SICHUAN', 1, 94, 3, 1, NULL, NULL, 3, NULL, 2, NULL);
INSERT INTO T_DICTIONARY_CONFIG VALUES (118, '湖北', 'SSCS_HUBEI', 1, 94, 3, 1, NULL, NULL, 3, NULL, 2, NULL);
INSERT INTO T_DICTIONARY_CONFIG VALUES (119, '江苏', 'SSCS_JIANGSU', 1, 94, 3, 1, NULL, NULL, 3, NULL, 2, NULL);
INSERT INTO T_DICTIONARY_CONFIG VALUES (120, '安徽', 'SSCS_ANHUI', 1, 94, 3, 1, NULL, NULL, 3, NULL, 2, NULL);
INSERT INTO T_DICTIONARY_CONFIG VALUES (121, '贵州', 'SSCS_GUIZHOU', 1, 94, 3, 1, NULL, NULL, 3, NULL, 2, NULL);
INSERT INTO T_DICTIONARY_CONFIG VALUES (122, '湖南', 'HUNAN', 1, 94, 3, 1, NULL, NULL, 3, NULL, 2, NULL);
INSERT INTO T_DICTIONARY_CONFIG VALUES (123, '江西', 'SSCS_JIANGXI', 1, 94, 3, 1, NULL, NULL, 3, NULL, 2, NULL);
INSERT INTO T_DICTIONARY_CONFIG VALUES (124, '浙江', 'SSCS_ZHEJIANG', 1, 94, 3, 1, NULL, NULL, 3, NULL, 2, NULL);
INSERT INTO T_DICTIONARY_CONFIG VALUES (125, '云南', 'SSCS_YUNNAN', 1, 94, 3, 1, NULL, NULL, 3, NULL, 2, NULL);
INSERT INTO T_DICTIONARY_CONFIG VALUES (126, '广西', 'SSCS_GUANGXI', 1, 94, 3, 1, NULL, NULL, 3, NULL, 2, NULL);
INSERT INTO T_DICTIONARY_CONFIG VALUES (127, '广东', 'SSCS_GUANGDONG', 1, 94, 3, 1, NULL, NULL, 3, NULL, 2, NULL);
INSERT INTO T_DICTIONARY_CONFIG VALUES (128, '福建', 'SSCS_FUJIAN', 1, 94, 3, 1, NULL, NULL, 3, NULL, 2, NULL);
INSERT INTO T_DICTIONARY_CONFIG VALUES (129, '台湾', 'SSCS_TAIWAN', 1, 94, 3, 1, NULL, NULL, 3, NULL, 2, NULL);
INSERT INTO T_DICTIONARY_CONFIG VALUES (130, '海南', 'SSCS_HAINAN', 1, 94, 3, 1, NULL, NULL, 3, NULL, 2, NULL);
INSERT INTO T_DICTIONARY_CONFIG VALUES (131, '青海', 'SSCS_QINGHAI', 1, 94, 3, 1, NULL, NULL, 3, NULL, 2, NULL);
INSERT INTO T_DICTIONARY_CONFIG VALUES (132, '香港', 'SSCS_XIANGGANG', 1, 94, 3, 1, NULL, NULL, 3, NULL, 2, NULL);
INSERT INTO T_DICTIONARY_CONFIG VALUES (133, '澳门', 'SSCS_AOMEN', 1, 94, 3, 1, NULL, NULL, 3, NULL, 2, NULL);

INSERT INTO T_DICTIONARY_CONFIG VALUES (134, 'A 农、林、牧、渔业', 'SSHY_NONGLINMUYUYE', 1, 95, 3, 1, NULL, NULL, 3, NULL, 2, NULL);
INSERT INTO T_DICTIONARY_CONFIG VALUES (135, 'B 采掘业', 'SSHY_CAIJUEYE', 1, 95, 3, 1, NULL, NULL, 3, NULL, 2, NULL);
INSERT INTO T_DICTIONARY_CONFIG VALUES (136, 'C 制造业', 'SSHY_ZHIZAOYE', 1, 95, 3, 1, NULL, NULL, 3, NULL, 2, NULL);
INSERT INTO T_DICTIONARY_CONFIG VALUES (137, '--食品、饮料', 'SSHY_SHIPINYINLIAO', 1, 136, 3, 1, NULL, NULL, 3, NULL, 2, NULL);
INSERT INTO T_DICTIONARY_CONFIG VALUES (138, '--纺织、服装、皮毛', 'SSHY_FANGZHIFUZHUANGPIMAO', 1, 136, 3, 1, NULL, NULL, 3, NULL, 2, NULL);
INSERT INTO T_DICTIONARY_CONFIG VALUES (139, '--木材、家具', 'SSHY_MUCAIJIAJU', 1, 136, 3, 1, NULL, NULL, 3, NULL, 2, NULL);
INSERT INTO T_DICTIONARY_CONFIG VALUES (140, '--造纸、印刷', 'SSHY_ZAOZHIYINSHUA', 1, 136, 3, 1, NULL, NULL, 3, NULL, 2, NULL);
INSERT INTO T_DICTIONARY_CONFIG VALUES (141, '--石油、化学、塑胶、塑料', 'SSHY_SHIYOUHUAXUESUJIAOSULIAO', 1, 136, 3, 1, NULL, NULL, 3, NULL, 2, NULL);
INSERT INTO T_DICTIONARY_CONFIG VALUES (142, '--电子', 'SSHY_DIANZIYE', 1, 136, 3, 1, NULL, NULL, 3, NULL, 2, NULL);
INSERT INTO T_DICTIONARY_CONFIG VALUES (143, '--金属、非金属', 'SSHY_JINSHUFEIJINSHU', 1, 136, 3, 1, NULL, NULL, 3, NULL, 2, NULL);
INSERT INTO T_DICTIONARY_CONFIG VALUES (144, '--机械、设备、仪表', 'SSHY_JIXIESHEBEIYIBIAO', 1, 136, 3, 1, NULL, NULL, 3, NULL, 2, NULL);
INSERT INTO T_DICTIONARY_CONFIG VALUES (145, '--医药、生物制品', 'SSHY_YIYAOSHENGWUZHIPIN', 1, 136, 3, 1, NULL, NULL, 3, NULL, 2, NULL);
INSERT INTO T_DICTIONARY_CONFIG VALUES (146, '--其他制造业', 'SSHY_QITAZHIYAOYE', 1, 136, 3, 1, NULL, NULL, 3, NULL, 2, NULL);
INSERT INTO T_DICTIONARY_CONFIG VALUES (147, 'D 电力、煤气及水的生产和供应业', 'SSHY_DLMQJSDSCHGYY', 1, 95, 3, 1, NULL, NULL, 3, NULL, 2, NULL);
INSERT INTO T_DICTIONARY_CONFIG VALUES (148, 'E 建筑业', 'SSHY_JIANZHUYE', 1, 95, 3, 1, NULL, NULL, 3, NULL, 2, NULL);
INSERT INTO T_DICTIONARY_CONFIG VALUES (149, 'F 交通运输、仓储业', 'SSHY_JIAOTONGYUNSHUCANGCHU', 1, 95, 3, 1, NULL, NULL, 3, NULL, 2, NULL);
INSERT INTO T_DICTIONARY_CONFIG VALUES (150, 'G 信息技术业', 'SSHY_XINXIJISHUYE', 1, 95, 3, 1, NULL, NULL, 3, NULL, 2, NULL);
INSERT INTO T_DICTIONARY_CONFIG VALUES (151, 'H 批发和零售贸易', 'SSHY_PIFAHELINGSHOUMAOYI', 1, 95, 3, 1, NULL, NULL, 3, NULL, 2, NULL);
INSERT INTO T_DICTIONARY_CONFIG VALUES (152, 'I 金融、保险业', 'SSHY_JINRONGBAOXIAN', 1, 95, 3, 1, NULL, NULL, 3, NULL, 2, NULL);
INSERT INTO T_DICTIONARY_CONFIG VALUES (153, 'J 房地产业', 'SSHY_FANGDICHANYE', 1, 95, 3, 1, NULL, NULL, 3, NULL, 2, NULL);
INSERT INTO T_DICTIONARY_CONFIG VALUES (154, 'K 社会服务业', 'SSHY_SHEHUIFUWUYE', 1, 95, 3, 1, NULL, NULL, 3, NULL, 2, NULL);
INSERT INTO T_DICTIONARY_CONFIG VALUES (155, 'L 传播与文化产业', 'SSHY_CHUANBOHEWENHUACHANYE', 1, 95, 3, 1, NULL, NULL, 3, NULL, 2, NULL);
INSERT INTO T_DICTIONARY_CONFIG VALUES (156, 'M 综合类', 'SSHY_ZONGHELEIYE', 1, 95, 3, 1, NULL, NULL, 3, NULL, 2, NULL);


INSERT INTO T_DICTIONARY_CONFIG VALUES (157, '财务顾问', 'YWPZ_CAIWUGUWEN', 1, 96, 3, 1, NULL, NULL, 3, NULL, 2, NULL);
INSERT INTO T_DICTIONARY_CONFIG VALUES (158, '融资顾问', 'YWPZ_RONGZGUWEN', 1, 96, 3, 1, NULL, NULL, 3, NULL, 2, NULL);
INSERT INTO T_DICTIONARY_CONFIG VALUES (159, '资本管理', 'YWPZ_ZIBENGUANLI', 1, 96, 3, 1, NULL, NULL, 3, NULL, 2, NULL);
INSERT INTO T_DICTIONARY_CONFIG VALUES (160, '自有投资', 'YWPZ_ZIYOUTOUZI', 1, 96, 3, 1, NULL, NULL, 3, NULL, 2, NULL);
INSERT INTO T_DICTIONARY_CONFIG VALUES (161, '中介合作', 'YWPZ_ZHONGJIEHEZUO', 1, 96, 3, 1, NULL, NULL, 3, NULL, 2, NULL);
INSERT INTO T_DICTIONARY_CONFIG VALUES (162, '其他业务', 'YWPZ_QITAYEWU', 1, 96, 3, 1, NULL, NULL, 3, NULL, 2, NULL);


INSERT INTO T_DICTIONARY_CONFIG VALUES (163, '财务顾问费', 'FYXZ_CAIWUGUWENFEI', 1, 97, 3, 1, NULL, NULL, 3, NULL, 2, NULL);
INSERT INTO T_DICTIONARY_CONFIG VALUES (164, '资本管理费', 'FYXZ_ZIBENGUANLIFEI', 1, 97, 3, 1, NULL, NULL, 3, NULL, 2, NULL);
INSERT INTO T_DICTIONARY_CONFIG VALUES (165, '中介支出', 'FYXZ_ZHONGJIEZHICHU', 1, 97, 3, 1, NULL, NULL, 3, NULL, 2, NULL);
INSERT INTO T_DICTIONARY_CONFIG VALUES (166, '居间收入', 'FYXZ_JUJIANSHOURU', 1, 97, 3, 1, NULL, NULL, 3, NULL, 2, NULL);
INSERT INTO T_DICTIONARY_CONFIG VALUES (167, '其他费用', 'FYXZ_QITAFEIYONG', 1, 97, 3, 1, NULL, NULL, 3, NULL, 2, NULL);


INSERT INTO T_DICTIONARY_CONFIG VALUES (168, '分析师', 'ZYJB_FENXISHI', 1, 98, 3, 1, NULL, NULL, 3, NULL, 2, NULL);
INSERT INTO T_DICTIONARY_CONFIG VALUES (169, '高级分析师', 'ZYJB_GAOJIFENXISHI', 1, 98, 3, 1, NULL, NULL, 3, NULL, 2, NULL);
INSERT INTO T_DICTIONARY_CONFIG VALUES (170, '业务董事', 'ZYJB_YEWUDONGSHI', 1, 98, 3, 1, NULL, NULL, 3, NULL, 2, NULL);
INSERT INTO T_DICTIONARY_CONFIG VALUES (171, '执行董事', 'ZYJB_ZHIXINGDONGSHI', 1, 98, 3, 1, NULL, NULL, 3, NULL, 2, NULL);
INSERT INTO T_DICTIONARY_CONFIG VALUES (172, '董事总经理', 'ZYJB_DONGSHIZONGJINGLI', 1, 98, 3, 1, NULL, NULL, 3, NULL, 2, NULL);
INSERT INTO T_DICTIONARY_CONFIG VALUES (173, '合伙人', 'ZYJB_HEHUOREN', 1, 98, 3, 1, NULL, NULL, 3, NULL, 2, NULL);
INSERT INTO T_DICTIONARY_CONFIG VALUES (174, '外聘专家', 'ZYJB_WAIPINZHUANJIA', 1, 98, 3, 1, NULL, NULL, 3, NULL, 2, NULL);


INSERT INTO T_DICTIONARY_CONFIG VALUES (175, '财务顾问', 'CDJS_CAIWUJUWEN', 1, 99, 3, 1, NULL, NULL, 3, NULL, 2, NULL);
INSERT INTO T_DICTIONARY_CONFIG VALUES (176, '其他角色', 'CDJS_QITAJUESE', 1, 99, 3, 1, NULL, NULL, 3, NULL, 2, NULL);


INSERT INTO T_DICTIONARY_CONFIG VALUES (177, '客户', 'ZDDX_KEHU', 1, 100, 3, 1, NULL, NULL, 3, NULL, 2, NULL);
INSERT INTO T_DICTIONARY_CONFIG VALUES (178, '政府', 'ZDDX_ZHENGFU', 1,100, 3, 1, NULL, NULL, 3, NULL, 2, NULL);
INSERT INTO T_DICTIONARY_CONFIG VALUES (179, '中介', 'ZDDX_ZHONGJIE', 1, 100, 3, 1, NULL, NULL, 3, NULL, 2, NULL);
INSERT INTO T_DICTIONARY_CONFIG VALUES (180, '公司', 'ZDDX_GONGSI', 1, 100, 3, 1, NULL, NULL, 3, NULL, 2, NULL);


INSERT INTO T_DICTIONARY_CONFIG VALUES (181, '客户简称', 'DIC_KHJC', 9, -1, NULL, 1, NULL, NULL, 3, NULL, 1, NULL);
INSERT INTO T_DICTIONARY_CONFIG VALUES (182, 'a', 'DIC_KHJC_a', 3, 181, NULL, 1, NULL, NULL, 3, NULL, 2, NULL);
INSERT INTO T_DICTIONARY_CONFIG VALUES (183, 'b', 'DIC_KHJC_b', 3, 181, NULL, 1, NULL, NULL, 3, NULL, 2, NULL);
INSERT INTO T_DICTIONARY_CONFIG VALUES (184, 'c', 'DIC_KHJC_c', 3, 181, NULL, 1, NULL, NULL, 3, NULL, 2, NULL);



INSERT into T_DICTIONARY_CONFIG(DICTIONARY_NAME,DICTIONARY_KEY,PARENT_ID,IS_VALID,CONFIG_TYPE,SQL_VALUE)
VALUES('用户','NORMAL_USERS',-1,1,2,'select login_name dictionary_key,real_name dictionary_name from t_staff where status = 1 or status = 2  ORDER BY login_name');

INSERT into T_DICTIONARY_CONFIG(DICTIONARY_NAME,DICTIONARY_KEY,PARENT_ID,IS_VALID,CONFIG_TYPE,SQL_VALUE)
VALUES('角色','NORMAL_ROLES',-1,1,2,'select role_id dictionary_key,role_name dictionary_name from t_role ORDER BY role_id');

INSERT into T_DICTIONARY_CONFIG(DICTIONARY_NAME,DICTIONARY_KEY,PARENT_ID,IS_VALID,CONFIG_TYPE,SQL_VALUE)
VALUES('项目角色','NORMAL_ROLES_PROJECTS',-1,1,2,'select role_id dictionary_key,role_name dictionary_name from t_role where role_type=2 ORDER BY role_id');

INSERT into T_DICTIONARY_CONFIG(DICTIONARY_NAME,DICTIONARY_KEY,PARENT_ID,IS_VALID,CONFIG_TYPE,SQL_VALUE)
VALUES('流程','PROCESS_PROCDEF',-1,1,2,'select DISTINCT name_ dictionary_key,name_ dictionary_name from t_re_procdef where procdef_status_ = 1 ORDER BY create_time_ DESC');

INSERT into T_DICTIONARY_CONFIG(DICTIONARY_NAME,DICTIONARY_KEY,PARENT_ID,IS_VALID,CONFIG_TYPE,SQL_VALUE)
VALUES('岗位','NORMAL_POSTS',-1,1,2,'select post_id dictionary_key,post_name dictionary_name from t_post ORDER BY post_id DESC');


-- 资源模块
INSERT INTO t_resource(resource_id,parent_id,resource_name,address_url,resource_desc,resource_type,auth_type,sort_num) VALUES ('formTemplateType_manage', 'system_setting', '模板管理', 'dynamicForm/formTemplateType/list-form-template-type.html', NULL, '1', 'AUTH', 3);
INSERT INTO t_resource_option VALUES ('formTemplateType_manage', '模板列表管理', 'formTemplate!list.do');
INSERT INTO t_resource(resource_id,parent_id,resource_name,address_url,resource_desc,resource_type,auth_type,icon_name,sort_num) VALUES ('reportStatistics_manage', 'root', '报表统计', '', NULL, '1', 'AUTH','total.png',299);
INSERT INTO t_resource(resource_id,parent_id,resource_name,address_url,resource_desc,resource_type,auth_type,sort_num) VALUES ('formStatistics_manage', 'reportStatistics_manage', '填报统计', 'dynamicForm/statistics/formStatistics.html', NULL, '1', 'AUTH', 5);

-- 客户首页
INSERT INTO t_resource(resource_id,parent_id,resource_name,address_url,resource_desc,resource_type,auth_type,sort_num) 
VALUES ('customer_index', 'other', '客户首页', '/basic.html', NULL, '1', 'LOGIN_AUTH', 1);
INSERT INTO t_resource(resource_id,parent_id,resource_name,address_url,resource_desc,resource_type,auth_type,sort_num) 
VALUES ('customer_index_home', 'other', '客户首页-主页', 'home!basicHome.do', NULL, '1', 'LOGIN_AUTH', 1);

INSERT INTO t_resource(resource_id,parent_id,resource_name,address_url,resource_desc,resource_type,auth_type,sort_num) 
VALUES ('customer_index_switch', 'other', '客户首页-主页-跳转', 'home.do', NULL, '1', 'LOGIN_AUTH', 1);
INSERT INTO t_resource(resource_id,parent_id,resource_name,address_url,resource_desc,resource_type,auth_type,sort_num) 
VALUES ('index_switch', 'other', '主页-跳转', 'index!maicustomer_index_switchn.do', NULL, '1', 'LOGIN_AUTH', 1);


-- 模板类别管理
INSERT INTO t_resource_option VALUES ('formTemplateType_manage', '模板类型列表', 'formTemplateType!list.do');
INSERT INTO t_resource_option VALUES ('formTemplateType_manage', '新增模板类型', 'formTemplateType!insert.do');
INSERT INTO t_resource_option VALUES ('formTemplateType_manage', '修改模板类型', 'formTemplateType!update.do');
INSERT INTO t_resource_option VALUES ('formTemplateType_manage', '删除模板类型', 'formTemplateType!delete.do');

-- 模板管理
INSERT INTO t_resource_option VALUES ('formTemplateType_manage', '模板列表', 'formTemplate!listData.do');
INSERT INTO t_resource_option VALUES ('formTemplateType_manage', '新增模板', 'formTemplate!insert.do');
INSERT INTO t_resource_option VALUES ('formTemplateType_manage', '修改模板', 'formTemplate!update.do');
INSERT INTO t_resource_option VALUES ('formTemplateType_manage', '删除模板', 'formTemplate!delete.do');

INSERT INTO t_resource_option VALUES ('formTemplateType_manage', '填报录入', 'form!insert.do');

-- 填报统计
INSERT INTO t_resource_option VALUES ('formStatistics_manage', '模板信息树形', 'formStatistics!treeDataFormTempate.do');
INSERT INTO t_resource_option VALUES ('formStatistics_manage', '填报信息列表', 'formStatistics!displayExpDatas.do');
INSERT INTO t_resource_option VALUES ('formStatistics_manage', '填报信息导出', 'formStatistics!exportExcel.do');

INSERT INTO t_resource_option VALUES ('formTemplateType_manage', '获取角色字典', 'formTemplate!fetchRoles.do');
INSERT INTO t_resource_option VALUES ('formTemplateType_manage', '获取用户字典', 'formTemplate!fetchUsers.do');
INSERT INTO t_resource_option VALUES ('formTemplateType_manage', '获取项目列表', 'formTemplate!listProjects.do');
INSERT INTO t_resource_option VALUES ('formTemplateType_manage', '获取字典明细', 'formTemplate!listDictionarys.do');

INSERT INTO t_resource_option VALUES ('formTemplateType_manage', '获取xf数据', 'form!showXFTab.do');
INSERT INTO t_resource_option VALUES ('formTemplateType_manage', '获取项目明细', 'form!showDetails.do');







-- 客户数据初始化
-- 模板类型
INSERT INTO `t_form_template_type` (`ID`, `SEQUENCE`, `TYPE`, `DESCRIPTION`, `STATUS`, `CREATE_USER`, `CREATE_DATE`, `UPDATE_USER`, `UPDATE_DATE`) VALUES ('0cb4a172-4954-45d7-a0b9-388985331e85', 2, '项目管理', '本类任务流程用于信诺投资公司的客户（含合伙基金、内部部门）运作有关的各类事宜', 0, 'admin', '2015-3-21 15:45:32', 'admin', '2015-3-21 15:45:32');
INSERT INTO `t_form_template_type` (`ID`, `SEQUENCE`, `TYPE`, `DESCRIPTION`, `STATUS`, `CREATE_USER`, `CREATE_DATE`, `UPDATE_USER`, `UPDATE_DATE`) VALUES ('1242a7fb-f131-4daf-9116-2dc92529504d', 3, '基金管理', '本类任务流程只用于公司的客户（特指合伙基金）的涉及执行代表人、投决会和合伙人会的运作事宜', 0, 'admin', '2015-3-24 22:24:06', 'admin', '2015-3-24 22:24:06');
INSERT INTO `t_form_template_type` (`ID`, `SEQUENCE`, `TYPE`, `DESCRIPTION`, `STATUS`, `CREATE_USER`, `CREATE_DATE`, `UPDATE_USER`, `UPDATE_DATE`) VALUES ('1783377b-36a5-4024-bef8-d2fbfb0e5dfb', 1, '公司运营', '本类任务流程只用于信诺投资公司本身运作有关的各类事宜', 0, 'admin', '2015-3-21 15:51:39', 'admin', '2015-3-21 15:51:39');
INSERT INTO `t_form_template_type` (`ID`, `SEQUENCE`, `TYPE`, `DESCRIPTION`, `STATUS`, `CREATE_USER`, `CREATE_DATE`, `UPDATE_USER`, `UPDATE_DATE`) VALUES ('4c7aa8bf-43f2-4361-95c4-ff424bede6fa', 4, '工时周报', '本类任务流程用于信诺投资公司的合伙人、管理层和职员的工时记录', 0, 'admin', '2015-3-24 22:28:22', 'admin', '2015-3-24 22:28:22');
INSERT INTO `t_form_template_type` (`ID`, `SEQUENCE`, `TYPE`, `DESCRIPTION`, `STATUS`, `CREATE_USER`, `CREATE_DATE`, `UPDATE_USER`, `UPDATE_DATE`) VALUES ('778c99a5-f066-4270-977e-2e2153f03aa0', 5, '费用报销', '本类任务流程用于信诺投资公司的费用和收入记录（不含合伙企业的收支记录）', 0, 'admin', '2015-3-24 22:28:49', 'admin', '2015-3-24 22:28:49');

-- 模板
INSERT INTO `t_form_template` (`ID`, `SEQUENCE`, `TYPE_ID`, `NAME`, `DESCRIPTION`, `STATUS`, `CONTENT`, `DOC_NO_RULE`, `REP_NO_RULE`, `PRO_NAME_RULE`, `CREATE_USER`, `CREATE_DATE`, `UPDATE_USER`, `UPDATE_DATE`, `VIEW_URL`, `ATTACHMENT`, `HANDLE_CLASS`, `DYNAMIC_FORM`, `PROJECTFLAG`, `PROCESS_NAME`, `EXPORT_FLAG`) VALUES ('04e64173-78a4-4287-ac1c-9f53912187d8', 4, '778c99a5-f066-4270-977e-2e2153f03aa0', '外勤费用报销', '外勤费用报销', 0, '{\"sections\":[{\"type\":\"text\",\"tag\":\"h1\",\"text\":\"外勤费用报销\"},{\"type\":\"grid\",\"row\":\"9\",\"col\":\"10\",\"merge\":[{\"startId\":\"1-1\",\"minRow\":1,\"minCol\":1,\"maxRow\":1,\"maxCol\":2},{\"startId\":\"1-4\",\"minRow\":1,\"minCol\":4,\"maxRow\":1,\"maxCol\":5},{\"startId\":\"1-7\",\"minRow\":1,\"minCol\":7,\"maxRow\":1,\"maxCol\":9},{\"startId\":\"2-1\",\"minRow\":2,\"minCol\":1,\"maxRow\":2,\"maxCol\":2},{\"startId\":\"3-1\",\"minRow\":3,\"minCol\":1,\"maxRow\":3,\"maxCol\":2},{\"startId\":\"2-4\",\"minRow\":2,\"minCol\":4,\"maxRow\":2,\"maxCol\":5},{\"startId\":\"3-4\",\"minRow\":3,\"minCol\":4,\"maxRow\":3,\"maxCol\":5},{\"startId\":\"2-7\",\"minRow\":2,\"minCol\":7,\"maxRow\":2,\"maxCol\":9},{\"startId\":\"3-7\",\"minRow\":3,\"minCol\":7,\"maxRow\":3,\"maxCol\":9},{\"startId\":\"0-4\",\"minRow\":0,\"minCol\":4,\"maxRow\":0,\"maxCol\":9},{\"startId\":\"0-1\",\"minRow\":0,\"minCol\":1,\"maxRow\":0,\"maxCol\":2},{\"startId\":\"4-4\",\"minRow\":4,\"minCol\":4,\"maxRow\":4,\"maxCol\":5},{\"startId\":\"4-7\",\"minRow\":4,\"minCol\":7,\"maxRow\":4,\"maxCol\":9},{\"startId\":\"4-1\",\"minRow\":4,\"minCol\":1,\"maxRow\":4,\"maxCol\":2},{\"startId\":\"5-1\",\"minRow\":5,\"minCol\":1,\"maxRow\":5,\"maxCol\":9},{\"startId\":\"6-1\",\"minRow\":6,\"minCol\":1,\"maxRow\":6,\"maxCol\":9},{\"startId\":\"7-1\",\"minRow\":7,\"minCol\":1,\"maxRow\":7,\"maxCol\":9}],\"fields\":[{\"type\":\"label\",\"row\":0,\"col\":0,\"align\":\"center\",\"color\":\"black\",\"text\":\"费用承担项目\"},{\"type\":\"proselection\",\"row\":0,\"col\":1,\"name\":\"xf_f_proselection\",\"alias\":\"费用承担项目\",\"items\":\"\",\"dic\":\"\",\"required\":false,\"readOnly\":false,\"reportFlag\":false},{\"type\":\"label\",\"row\":1,\"col\":0,\"align\":\"center\",\"color\":\"black\",\"text\":\"收款人\"},{\"type\":\"label\",\"row\":2,\"col\":0,\"align\":\"center\",\"color\":\"black\",\"text\":\"时间\"},{\"type\":\"label\",\"row\":3,\"col\":0,\"align\":\"center\",\"color\":\"black\",\"text\":\"通讯费用\"},{\"type\":\"textfield\",\"row\":1,\"col\":1,\"name\":\"xf_f_skr\",\"alias\":\"收款人\",\"required\":false,\"readOnly\":false,\"reportFlag\":false},{\"type\":\"datepicker\",\"row\":2,\"col\":1,\"name\":\"xf_f_date\",\"alias\":\"时间\",\"required\":false,\"readOnly\":false,\"reportFlag\":false},{\"type\":\"numberbox\",\"row\":3,\"col\":1,\"name\":\"xf_f_txfy\",\"alias\":\"通讯费用\",\"minVal\":0,\"maxVal\":9999999999,\"precision\":2,\"required\":false,\"readOnly\":false,\"reportFlag\":false},{\"type\":\"label\",\"row\":1,\"col\":3,\"align\":\"center\",\"color\":\"black\",\"text\":\"收款帐号\"},{\"type\":\"textfield\",\"row\":1,\"col\":4,\"name\":\"xf_f_skzh\",\"alias\":\"收款帐号\",\"required\":false,\"readOnly\":false,\"reportFlag\":false},{\"type\":\"label\",\"row\":1,\"col\":6,\"align\":\"center\",\"color\":\"black\",\"text\":\"职级\"},{\"type\":\"select\",\"row\":1,\"col\":7,\"name\":\"xf_f_zhiji\",\"alias\":\"职级\",\"items\":\"\",\"dic\":\"cfg_zhuanshujibie\",\"required\":false,\"readOnly\":false,\"reportFlag\":false},{\"type\":\"numberbox\",\"row\":2,\"col\":7,\"name\":\"xf_f_xcfy\",\"alias\":\"宣传费用\",\"minVal\":0,\"maxVal\":9999999999,\"precision\":2,\"required\":false,\"readOnly\":false,\"reportFlag\":false},{\"type\":\"label\",\"row\":2,\"col\":6,\"align\":\"center\",\"color\":\"black\",\"text\":\"宣传费用\"},{\"type\":\"numberbox\",\"row\":2,\"col\":4,\"name\":\"xf_f_hyfy\",\"alias\":\"会议费用\",\"minVal\":0,\"maxVal\":9999999999,\"precision\":2,\"required\":false,\"readOnly\":false,\"reportFlag\":false},{\"type\":\"label\",\"row\":2,\"col\":3,\"align\":\"center\",\"color\":\"black\",\"text\":\"会议费用\"},{\"type\":\"numberbox\",\"row\":3,\"col\":7,\"name\":\"xf_f_zbzc\",\"alias\":\"资本支出\",\"minVal\":0,\"maxVal\":9999999999,\"precision\":2,\"required\":false,\"readOnly\":false,\"reportFlag\":false},{\"type\":\"label\",\"row\":3,\"col\":6,\"align\":\"center\",\"color\":\"black\",\"text\":\"资本支出\"},{\"type\":\"numberbox\",\"row\":3,\"col\":4,\"name\":\"xf_f_wyfy\",\"alias\":\"物业费用\",\"minVal\":0,\"maxVal\":9999999999,\"precision\":2,\"required\":false,\"readOnly\":false,\"reportFlag\":false},{\"type\":\"label\",\"row\":3,\"col\":3,\"align\":\"center\",\"color\":\"black\",\"text\":\"物业费用\"},{\"type\":\"textfield\",\"row\":0,\"col\":4,\"name\":\"xf_f_fixedName_xmjl\",\"alias\":\"项目经理\",\"required\":false,\"readOnly\":true,\"reportFlag\":false},{\"type\":\"label\",\"row\":0,\"col\":3,\"align\":\"center\",\"color\":\"black\",\"text\":\"项目经理\"},{\"type\":\"label\",\"row\":8,\"col\":0,\"align\":\"center\",\"color\":\"black\",\"text\":\"复核\"},{\"type\":\"label\",\"row\":8,\"col\":2,\"align\":\"center\",\"color\":\"black\",\"text\":\"财务\"},{\"type\":\"label\",\"row\":8,\"col\":4,\"align\":\"center\",\"color\":\"black\",\"text\":\"审核\"},{\"type\":\"label\",\"row\":8,\"col\":6,\"align\":\"center\",\"color\":\"black\",\"text\":\"报销\"},{\"type\":\"label\",\"row\":8,\"col\":8,\"align\":\"center\",\"color\":\"black\",\"text\":\"领款\"},{\"type\":\"label\",\"row\":7,\"col\":0,\"align\":\"center\",\"color\":\"black\",\"text\":\"总计金额(大写)\"},{\"type\":\"upperdigit\",\"row\":7,\"col\":1,\"name\":\"xf_f_upperdigit-5-1\",\"alias\":\"总计金额(大写)\",\"resources\":\"#heji#\",\"required\":false,\"readOnly\":true,\"reportFlag\":false},{\"type\":\"label\",\"row\":6,\"col\":0,\"align\":\"center\",\"color\":\"black\",\"text\":\"合计\"},{\"type\":\"calculator\",\"row\":6,\"col\":1,\"name\":\"xf_f_heji\",\"alias\":\"合计\",\"resources\":\"#hyfy#+#xcfy#+#txfy#+#wyfy#+#zbzc#+#xzsf#+#bgfy#+#jtyz#+#qtfy#\",\"dataType\":\"number\",\"required\":false,\"readOnly\":true,\"reportFlag\":false},{\"type\":\"label\",\"row\":5,\"col\":0,\"align\":\"center\",\"color\":\"black\",\"text\":\"其他费用\"},{\"type\":\"label\",\"row\":4,\"col\":0,\"align\":\"center\",\"color\":\"black\",\"text\":\"行政收费\"},{\"type\":\"numberbox\",\"row\":4,\"col\":1,\"name\":\"xf_f_xzsf\",\"alias\":\"行政收费\",\"minVal\":0,\"maxVal\":9999999999,\"precision\":2,\"required\":false,\"readOnly\":false,\"reportFlag\":false},{\"type\":\"numberbox\",\"row\":5,\"col\":1,\"name\":\"xf_f_qtfy\",\"alias\":\"其他费用\",\"minVal\":0,\"maxVal\":9999999999,\"precision\":2,\"required\":false,\"readOnly\":false,\"reportFlag\":false},{\"type\":\"label\",\"row\":4,\"col\":3,\"align\":\"center\",\"color\":\"black\",\"text\":\"办公费用\"},{\"type\":\"label\",\"row\":4,\"col\":6,\"align\":\"center\",\"color\":\"black\",\"text\":\"交通邮政\"},{\"type\":\"numberbox\",\"row\":4,\"col\":4,\"name\":\"xf_f_bgfy\",\"alias\":\"办公费用\",\"minVal\":0,\"maxVal\":9999999999,\"precision\":2,\"required\":false,\"readOnly\":false,\"reportFlag\":false},{\"type\":\"numberbox\",\"row\":4,\"col\":7,\"name\":\"xf_f_jtfy\",\"alias\":\"交通邮政\",\"minVal\":0,\"maxVal\":9999999999,\"precision\":2,\"required\":false,\"readOnly\":false,\"reportFlag\":false}]}]}', 'sino-{yyyy-MM-dd}', 'sino-{yyyy-MM-dd}', '', 'admin', '2015-3-25 13:50:37', 'admin', '2015-4-25 12:14:25', '/dynamicForm/form/flow-input-form.html', NULL, 'dynamicFormAdapter', 'T', '', 'A1总经理会事宜报告模版', 'T');
INSERT INTO `t_form_template` (`ID`, `SEQUENCE`, `TYPE_ID`, `NAME`, `DESCRIPTION`, `STATUS`, `CONTENT`, `DOC_NO_RULE`, `REP_NO_RULE`, `PRO_NAME_RULE`, `CREATE_USER`, `CREATE_DATE`, `UPDATE_USER`, `UPDATE_DATE`, `VIEW_URL`, `ATTACHMENT`, `HANDLE_CLASS`, `DYNAMIC_FORM`, `PROJECTFLAG`, `PROCESS_NAME`, `EXPORT_FLAG`) VALUES ('10be6651-0645-4b3c-9b4d-c0da3cac7631', 5, '1783377b-36a5-4024-bef8-d2fbfb0e5dfb', '监事会事宜报告 ', '监事会事宜报告', 0, '{\"sections\":[{\"type\":\"text\",\"tag\":\"h1\",\"text\":\"监事会事宜报告 \"},{\"type\":\"grid\",\"row\":\"2\",\"col\":\"6\",\"merge\":[{\"startId\":\"0-0\",\"minRow\":0,\"minCol\":0,\"maxRow\":1,\"maxCol\":5}],\"fields\":[]}]}', 'sino-{yyyy-MM-dd}', 'sino-{yyyy-MM-dd}', 'sino-{yyyy-MM-dd}', 'admin', '2015-3-21 18:07:42', 'admin', '2015-4-18 22:24:18', '/dynamicForm/form/flow-input-form.html', NULL, 'dynamicFormAdapter', 'T', '', 'A1总经理会事宜报告模版', 'T');
INSERT INTO `t_form_template` (`ID`, `SEQUENCE`, `TYPE_ID`, `NAME`, `DESCRIPTION`, `STATUS`, `CONTENT`, `DOC_NO_RULE`, `REP_NO_RULE`, `PRO_NAME_RULE`, `CREATE_USER`, `CREATE_DATE`, `UPDATE_USER`, `UPDATE_DATE`, `VIEW_URL`, `ATTACHMENT`, `HANDLE_CLASS`, `DYNAMIC_FORM`, `PROJECTFLAG`, `PROCESS_NAME`, `EXPORT_FLAG`) VALUES ('176ddc67-fc7a-49a0-a653-175077c9624d', 1, '1242a7fb-f131-4daf-9116-2dc92529504d', '基金执行事务', '基金执行事务', 0, '{\"sections\":[{\"type\":\"text\",\"tag\":\"h1\",\"text\":\"基金执行事务\"},{\"type\":\"grid\",\"row\":\"7\",\"col\":\"5\",\"merge\":[{\"startId\":\"0-1\",\"minRow\":0,\"minCol\":1,\"maxRow\":0,\"maxCol\":2},{\"startId\":\"0-3\",\"minRow\":0,\"minCol\":3,\"maxRow\":0,\"maxCol\":4},{\"startId\":\"1-3\",\"minRow\":1,\"minCol\":3,\"maxRow\":1,\"maxCol\":4},{\"startId\":\"2-1\",\"minRow\":2,\"minCol\":1,\"maxRow\":2,\"maxCol\":4},{\"startId\":\"3-1\",\"minRow\":3,\"minCol\":1,\"maxRow\":3,\"maxCol\":4},{\"startId\":\"4-1\",\"minRow\":4,\"minCol\":1,\"maxRow\":4,\"maxCol\":4},{\"startId\":\"6-1\",\"minRow\":6,\"minCol\":1,\"maxRow\":6,\"maxCol\":4}],\"fields\":[{\"type\":\"label\",\"row\":0,\"col\":0,\"align\":\"undefined\",\"color\":\"undefined\",\"text\":\"项目简称：\"},{\"type\":\"label\",\"row\":1,\"col\":0,\"align\":\"undefined\",\"color\":\"undefined\",\"text\":\"项目类型：\"},{\"type\":\"label\",\"row\":2,\"col\":0,\"align\":\"undefined\",\"color\":\"undefined\",\"text\":\"项目成员：\"},{\"type\":\"label\",\"row\":3,\"col\":0,\"align\":\"undefined\",\"color\":\"undefined\",\"text\":\"项目内容：\"},{\"type\":\"label\",\"row\":4,\"col\":0,\"align\":\"undefined\",\"color\":\"undefined\",\"text\":\"项目来源：\"},{\"type\":\"label\",\"row\":5,\"col\":0,\"align\":\"undefined\",\"color\":\"undefined\",\"text\":\"项目预计(起始)周期：\"},{\"type\":\"label\",\"row\":6,\"col\":0,\"align\":\"undefined\",\"color\":\"undefined\",\"text\":\"预计工时费用(千元)：\"},{\"type\":\"select\",\"row\":1,\"col\":1,\"name\":\"xf_f_ywpz\",\"alias\":\"select-1-1\",\"items\":\"\",\"dic\":\"cfg_yewupinzhong\",\"required\":false,\"readOnly\":false,\"reportFlag\":false},{\"type\":\"select\",\"row\":1,\"col\":2,\"name\":\"xf_f_cdjs\",\"alias\":\"select-1-2\",\"items\":\"\",\"dic\":\"cfg_chengdanjuese\",\"required\":false,\"readOnly\":false,\"reportFlag\":false},{\"type\":\"proselection\",\"row\":0,\"col\":1,\"name\":\"xf_f_xmjc\",\"alias\":\"proselection-0-1\",\"items\":\"\",\"dic\":\"\",\"required\":false,\"readOnly\":false,\"reportFlag\":false},{\"type\":\"textarea\",\"row\":3,\"col\":1,\"name\":\"xf_f_xmnr\",\"alias\":\"textarea-3-1\",\"required\":false,\"readOnly\":false,\"reportFlag\":false},{\"type\":\"userselection\",\"row\":2,\"col\":1,\"required\":false,\"readOnly\":false,\"reportFlag\":false,\"name\":\"xf_f_xmcy\",\"alias\":\"userselection-2-1\",\"collections\":[{\"type\":\"select\",\"name\":\"xf_f_xmcy~xf_f_us_r~@0\"},{\"type\":\"userpicker\",\"name\":\"xf_f_xmcy~xf_f_us_u~@1\"}]},{\"type\":\"textfield\",\"row\":4,\"col\":1,\"name\":\"xf_f_xmly\",\"alias\":\"textfield-4-1\",\"required\":false,\"readOnly\":false,\"reportFlag\":false},{\"type\":\"datepicker\",\"row\":5,\"col\":1,\"name\":\"xf_f_xmyjqszq\",\"alias\":\"datepicker-5-1\",\"required\":false,\"readOnly\":false,\"reportFlag\":false},{\"type\":\"datepicker\",\"row\":5,\"col\":2,\"name\":\"xf_f_xmyjjszq\",\"alias\":\"datepicker-5-2\",\"required\":false,\"readOnly\":false,\"reportFlag\":false},{\"type\":\"numberbox\",\"row\":6,\"col\":1,\"name\":\"xf_f_yjgsfy\",\"alias\":\"numberbox-6-1\",\"minVal\":0,\"maxVal\":9999999999,\"precision\":2,\"required\":false,\"readOnly\":false,\"reportFlag\":false},{\"type\":\"numberbox\",\"row\":5,\"col\":4,\"name\":\"xf_f_yjzjfy\",\"alias\":\"numberbox-5-3\",\"minVal\":0,\"maxVal\":9999999999,\"precision\":2,\"required\":false,\"readOnly\":false,\"reportFlag\":false},{\"type\":\"label\",\"row\":5,\"col\":3,\"align\":\"undefined\",\"color\":\"undefined\",\"text\":\"预计直接费用(千元)：\"}]}]}', 'sino-{yyyy-MM-dd}', 'sino-{yyyy-MM-dd}', '', 'admin', '2015-3-24 22:26:13', 'admin', '2015-4-22 02:32:51', '/dynamicForm/form/flow-input-form.html', NULL, 'dynamicFormAdapter', 'T', '', 'A1总经理会事宜报告模版', 'T');
INSERT INTO `t_form_template` (`ID`, `SEQUENCE`, `TYPE_ID`, `NAME`, `DESCRIPTION`, `STATUS`, `CONTENT`, `DOC_NO_RULE`, `REP_NO_RULE`, `PRO_NAME_RULE`, `CREATE_USER`, `CREATE_DATE`, `UPDATE_USER`, `UPDATE_DATE`, `VIEW_URL`, `ATTACHMENT`, `HANDLE_CLASS`, `DYNAMIC_FORM`, `PROJECTFLAG`, `PROCESS_NAME`, `EXPORT_FLAG`) VALUES ('30aa29b7-0128-4cb3-a371-2b4ac9047489', 7, '0cb4a172-4954-45d7-a0b9-388985331e85', '专业文件报告', '专业文件报告', 0, '{\"sections\":[{\"type\":\"text\",\"tag\":\"h1\",\"text\":\"专业文件报告\"},{\"type\":\"grid\",\"row\":\"7\",\"col\":\"5\",\"merge\":[{\"startId\":\"0-1\",\"minRow\":0,\"minCol\":1,\"maxRow\":0,\"maxCol\":2},{\"startId\":\"0-3\",\"minRow\":0,\"minCol\":3,\"maxRow\":0,\"maxCol\":4},{\"startId\":\"1-3\",\"minRow\":1,\"minCol\":3,\"maxRow\":1,\"maxCol\":4},{\"startId\":\"2-1\",\"minRow\":2,\"minCol\":1,\"maxRow\":2,\"maxCol\":4},{\"startId\":\"3-1\",\"minRow\":3,\"minCol\":1,\"maxRow\":3,\"maxCol\":4},{\"startId\":\"4-1\",\"minRow\":4,\"minCol\":1,\"maxRow\":4,\"maxCol\":4},{\"startId\":\"6-1\",\"minRow\":6,\"minCol\":1,\"maxRow\":6,\"maxCol\":4}],\"fields\":[{\"type\":\"label\",\"row\":0,\"col\":0,\"align\":\"undefined\",\"color\":\"undefined\",\"text\":\"项目简称：\"},{\"type\":\"label\",\"row\":1,\"col\":0,\"align\":\"undefined\",\"color\":\"undefined\",\"text\":\"项目类型：\"},{\"type\":\"label\",\"row\":2,\"col\":0,\"align\":\"undefined\",\"color\":\"undefined\",\"text\":\"项目成员：\"},{\"type\":\"label\",\"row\":3,\"col\":0,\"align\":\"undefined\",\"color\":\"undefined\",\"text\":\"项目内容：\"},{\"type\":\"label\",\"row\":4,\"col\":0,\"align\":\"undefined\",\"color\":\"undefined\",\"text\":\"项目来源：\"},{\"type\":\"label\",\"row\":5,\"col\":0,\"align\":\"undefined\",\"color\":\"undefined\",\"text\":\"项目预计(起始)周期：\"},{\"type\":\"label\",\"row\":6,\"col\":0,\"align\":\"undefined\",\"color\":\"undefined\",\"text\":\"预计工时费用(千元)：\"},{\"type\":\"select\",\"row\":1,\"col\":1,\"name\":\"xf_f_ywpz\",\"alias\":\"业务品种\",\"items\":\"\",\"dic\":\"cfg_yewupinzhong\",\"required\":false,\"readOnly\":false,\"reportFlag\":false},{\"type\":\"select\",\"row\":1,\"col\":2,\"name\":\"xf_f_cdjs\",\"alias\":\"承担角色\",\"items\":\"\",\"dic\":\"cfg_chengdanjuese\",\"required\":false,\"readOnly\":false,\"reportFlag\":false},{\"type\":\"proselection\",\"row\":0,\"col\":1,\"name\":\"xf_f_xmjc\",\"alias\":\"项目简称\",\"items\":\"\",\"dic\":\"\",\"required\":false,\"readOnly\":false,\"reportFlag\":false},{\"type\":\"textarea\",\"row\":3,\"col\":1,\"name\":\"xf_f_xmnr\",\"alias\":\"项目内容\",\"required\":false,\"readOnly\":false,\"reportFlag\":false},{\"type\":\"userselection\",\"row\":2,\"col\":1,\"required\":false,\"readOnly\":false,\"reportFlag\":false,\"name\":\"xf_f_xmcy\",\"alias\":\"项目成员\",\"collections\":[{\"type\":\"select\",\"name\":\"xf_f_xmcy~xf_f_us_r~@0\"},{\"type\":\"userpicker\",\"name\":\"xf_f_xmcy~xf_f_us_u~@1\"}]},{\"type\":\"textfield\",\"row\":4,\"col\":1,\"name\":\"xf_f_xmly\",\"alias\":\"项目来源\",\"required\":false,\"readOnly\":false,\"reportFlag\":false},{\"type\":\"datepicker\",\"row\":5,\"col\":1,\"name\":\"xf_f_xmyjqszq\",\"alias\":\"项目预计(起始)周期\",\"required\":false,\"readOnly\":false,\"reportFlag\":false},{\"type\":\"datepicker\",\"row\":5,\"col\":2,\"name\":\"xf_f_xmyjjszq\",\"alias\":\"项目预计(结束)周期\",\"required\":false,\"readOnly\":false,\"reportFlag\":false},{\"type\":\"numberbox\",\"row\":6,\"col\":1,\"name\":\"xf_f_yjgsfy\",\"alias\":\"预计工时费用(千元)\",\"minVal\":0,\"maxVal\":9999999999,\"precision\":2,\"required\":false,\"readOnly\":false,\"reportFlag\":false},{\"type\":\"numberbox\",\"row\":5,\"col\":4,\"name\":\"xf_f_yjzjfy\",\"alias\":\"预计直接费用(千元)\",\"minVal\":0,\"maxVal\":9999999999,\"precision\":2,\"required\":false,\"readOnly\":false,\"reportFlag\":false},{\"type\":\"label\",\"row\":5,\"col\":3,\"align\":\"undefined\",\"color\":\"undefined\",\"text\":\"预计直接费用(千元)：\"}]}]}', '{xmjc#ZM}-{yy}', '{xmjc#ZM}-{yyyy-MM-dd}-', '', 'admin', '2015-3-24 22:10:46', 'admin', '2015-4-18 17:14:58', '/dynamicForm/form/flow-input-form.html', NULL, 'dynamicFormAdapter', 'T', '', 'A1总经理会事宜报告模版', 'T');
INSERT INTO `t_form_template` (`ID`, `SEQUENCE`, `TYPE_ID`, `NAME`, `DESCRIPTION`, `STATUS`, `CONTENT`, `DOC_NO_RULE`, `REP_NO_RULE`, `PRO_NAME_RULE`, `CREATE_USER`, `CREATE_DATE`, `UPDATE_USER`, `UPDATE_DATE`, `VIEW_URL`, `ATTACHMENT`, `HANDLE_CLASS`, `DYNAMIC_FORM`, `PROJECTFLAG`, `PROCESS_NAME`, `EXPORT_FLAG`) VALUES ('34289f02-068c-42f7-bfe9-d5c08d737158', 6, '778c99a5-f066-4270-977e-2e2153f03aa0', '工资费用发放单据', '工资费用发放单据', 0, '{\"sections\":[{\"type\":\"text\",\"tag\":\"h1\",\"text\":\"工资费用发放单据\"},{\"type\":\"grid\",\"row\":\"2\",\"col\":\"4\",\"merge\":[],\"fields\":[]}]}', 'sino-{yyyy-MM-dd}', 'sino-{yyyy-MM-dd}', '', 'admin', '2015-3-25 13:51:38', 'admin', '2015-4-18 22:26:42', '/fixedForm/form/flow-input-form3.html', NULL, 'fixedFormAdapter', 'F', '', 'A1总经理会事宜报告模版', 'T');
INSERT INTO `t_form_template` (`ID`, `SEQUENCE`, `TYPE_ID`, `NAME`, `DESCRIPTION`, `STATUS`, `CONTENT`, `DOC_NO_RULE`, `REP_NO_RULE`, `PRO_NAME_RULE`, `CREATE_USER`, `CREATE_DATE`, `UPDATE_USER`, `UPDATE_DATE`, `VIEW_URL`, `ATTACHMENT`, `HANDLE_CLASS`, `DYNAMIC_FORM`, `PROJECTFLAG`, `PROCESS_NAME`, `EXPORT_FLAG`) VALUES ('34f26c08-6c02-4d64-bc1b-0bf0b942999c', 2, '1242a7fb-f131-4daf-9116-2dc92529504d', '基金投决会会议', '基金投决会会议', 0, '{\"sections\":[{\"type\":\"text\",\"tag\":\"h1\",\"text\":\"基金投决会会议\"},{\"type\":\"grid\",\"row\":\"7\",\"col\":\"5\",\"merge\":[{\"startId\":\"0-1\",\"minRow\":0,\"minCol\":1,\"maxRow\":0,\"maxCol\":2},{\"startId\":\"0-3\",\"minRow\":0,\"minCol\":3,\"maxRow\":0,\"maxCol\":4},{\"startId\":\"1-3\",\"minRow\":1,\"minCol\":3,\"maxRow\":1,\"maxCol\":4},{\"startId\":\"2-1\",\"minRow\":2,\"minCol\":1,\"maxRow\":2,\"maxCol\":4},{\"startId\":\"3-1\",\"minRow\":3,\"minCol\":1,\"maxRow\":3,\"maxCol\":4},{\"startId\":\"4-1\",\"minRow\":4,\"minCol\":1,\"maxRow\":4,\"maxCol\":4},{\"startId\":\"6-1\",\"minRow\":6,\"minCol\":1,\"maxRow\":6,\"maxCol\":4}],\"fields\":[{\"type\":\"label\",\"row\":0,\"col\":0,\"align\":\"undefined\",\"color\":\"undefined\",\"text\":\"项目简称：\"},{\"type\":\"label\",\"row\":1,\"col\":0,\"align\":\"undefined\",\"color\":\"undefined\",\"text\":\"项目类型：\"},{\"type\":\"label\",\"row\":2,\"col\":0,\"align\":\"undefined\",\"color\":\"undefined\",\"text\":\"项目成员：\"},{\"type\":\"label\",\"row\":3,\"col\":0,\"align\":\"undefined\",\"color\":\"undefined\",\"text\":\"项目内容：\"},{\"type\":\"label\",\"row\":4,\"col\":0,\"align\":\"undefined\",\"color\":\"undefined\",\"text\":\"项目来源：\"},{\"type\":\"label\",\"row\":5,\"col\":0,\"align\":\"undefined\",\"color\":\"undefined\",\"text\":\"项目预计(起始)周期：\"},{\"type\":\"label\",\"row\":6,\"col\":0,\"align\":\"undefined\",\"color\":\"undefined\",\"text\":\"预计工时费用(千元)：\"},{\"type\":\"select\",\"row\":1,\"col\":1,\"name\":\"xf_f_ywpz\",\"alias\":\"项目类型-业务品种\",\"items\":\"\",\"dic\":\"cfg_yewupinzhong\",\"required\":false,\"readOnly\":false,\"reportFlag\":false},{\"type\":\"select\",\"row\":1,\"col\":2,\"name\":\"xf_f_cdjs\",\"alias\":\"项目类型-承担角色\",\"items\":\"\",\"dic\":\"cfg_chengdanjuese\",\"required\":false,\"readOnly\":false,\"reportFlag\":false},{\"type\":\"proselection\",\"row\":0,\"col\":1,\"name\":\"xf_f_xmjc\",\"alias\":\"项目简称\",\"items\":\"\",\"dic\":\"\",\"required\":false,\"readOnly\":false,\"reportFlag\":false},{\"type\":\"textarea\",\"row\":3,\"col\":1,\"name\":\"xf_f_xmnr\",\"alias\":\"项目内容\",\"required\":false,\"readOnly\":false,\"reportFlag\":false},{\"type\":\"userselection\",\"row\":2,\"col\":1,\"required\":false,\"readOnly\":false,\"reportFlag\":false,\"name\":\"xf_f_xmcy\",\"alias\":\"项目成员\",\"collections\":[{\"type\":\"select\",\"name\":\"xf_f_xmcy~xf_f_us_r~@0\"},{\"type\":\"userpicker\",\"name\":\"xf_f_xmcy~xf_f_us_u~@1\"}]},{\"type\":\"textfield\",\"row\":4,\"col\":1,\"name\":\"xf_f_xmly\",\"alias\":\"项目来源\",\"required\":false,\"readOnly\":false,\"reportFlag\":false},{\"type\":\"datepicker\",\"row\":5,\"col\":1,\"name\":\"xf_f_xmyjqszq\",\"alias\":\"项目预计(起始)周期\",\"required\":false,\"readOnly\":false,\"reportFlag\":false},{\"type\":\"datepicker\",\"row\":5,\"col\":2,\"name\":\"xf_f_xmyjjszq\",\"alias\":\"项目预计(结束)周期\",\"required\":false,\"readOnly\":false,\"reportFlag\":false},{\"type\":\"numberbox\",\"row\":6,\"col\":1,\"name\":\"xf_f_yjgsfy\",\"alias\":\"预计工时费用(千元)\",\"minVal\":0,\"maxVal\":9999999999,\"precision\":2,\"required\":false,\"readOnly\":false,\"reportFlag\":false},{\"type\":\"numberbox\",\"row\":5,\"col\":4,\"name\":\"xf_f_yjzjfy\",\"alias\":\"预计直接费用(千元)\",\"minVal\":0,\"maxVal\":9999999999,\"precision\":2,\"required\":false,\"readOnly\":false,\"reportFlag\":false},{\"type\":\"label\",\"row\":5,\"col\":3,\"align\":\"undefined\",\"color\":\"undefined\",\"text\":\"预计直接费用(千元)：\"}]}]}', 'sino-{yyyy-MM-dd}', 'sino-{yyyy-MM-dd}', '', 'admin', '2015-3-24 22:26:46', 'admin', '2015-4-25 12:10:30', '/dynamicForm/form/flow-input-form.html', NULL, 'dynamicFormAdapter', 'T', '', 'A1总经理会事宜报告模版', 'T');
INSERT INTO `t_form_template` (`ID`, `SEQUENCE`, `TYPE_ID`, `NAME`, `DESCRIPTION`, `STATUS`, `CONTENT`, `DOC_NO_RULE`, `REP_NO_RULE`, `PRO_NAME_RULE`, `CREATE_USER`, `CREATE_DATE`, `UPDATE_USER`, `UPDATE_DATE`, `VIEW_URL`, `ATTACHMENT`, `HANDLE_CLASS`, `DYNAMIC_FORM`, `PROJECTFLAG`, `PROCESS_NAME`, `EXPORT_FLAG`) VALUES ('3cdba251-4ecc-4d3a-8082-8327e3fb43ff', 1, '1783377b-36a5-4024-bef8-d2fbfb0e5dfb', '总经理会事宜报告', '总经理会事宜报告', 0, '{\"sections\":[{\"type\":\"text\",\"tag\":\"h1\",\"text\":\"总经理会事宜报告\"},{\"type\":\"grid\",\"row\":\"2\",\"col\":\"6\",\"merge\":[{\"startId\":\"0-0\",\"minRow\":0,\"minCol\":0,\"maxRow\":1,\"maxCol\":5}],\"fields\":[]}]}', 'sino-{yyyy-MM-dd}', 'sino-{yyyy-MM-dd}', 'sino-{yyyy-MM-dd}', 'admin', '2015-3-21 17:26:02', 'admin', '2015-4-25 10:50:10', '/dynamicForm/form/flow-input-form.html', NULL, 'dynamicFormAdapter', 'T', '', 'A1总经理会事宜报告模版', 'T');
INSERT INTO `t_form_template` (`ID`, `SEQUENCE`, `TYPE_ID`, `NAME`, `DESCRIPTION`, `STATUS`, `CONTENT`, `DOC_NO_RULE`, `REP_NO_RULE`, `PRO_NAME_RULE`, `CREATE_USER`, `CREATE_DATE`, `UPDATE_USER`, `UPDATE_DATE`, `VIEW_URL`, `ATTACHMENT`, `HANDLE_CLASS`, `DYNAMIC_FORM`, `PROJECTFLAG`, `PROCESS_NAME`, `EXPORT_FLAG`) VALUES ('6520f188-9d9b-4777-a631-8ab833abbc9e', 4, '0cb4a172-4954-45d7-a0b9-388985331e85', '项目进展报告', '项目进展报告', 0, '{\"sections\":[{\"type\":\"text\",\"tag\":\"h1\",\"text\":\"项目进展报告\"},{\"type\":\"grid\",\"row\":\"7\",\"col\":\"5\",\"merge\":[{\"startId\":\"0-1\",\"minRow\":0,\"minCol\":1,\"maxRow\":0,\"maxCol\":2},{\"startId\":\"0-3\",\"minRow\":0,\"minCol\":3,\"maxRow\":0,\"maxCol\":4},{\"startId\":\"1-3\",\"minRow\":1,\"minCol\":3,\"maxRow\":1,\"maxCol\":4},{\"startId\":\"2-1\",\"minRow\":2,\"minCol\":1,\"maxRow\":2,\"maxCol\":4},{\"startId\":\"3-1\",\"minRow\":3,\"minCol\":1,\"maxRow\":3,\"maxCol\":4},{\"startId\":\"4-1\",\"minRow\":4,\"minCol\":1,\"maxRow\":4,\"maxCol\":4},{\"startId\":\"6-1\",\"minRow\":6,\"minCol\":1,\"maxRow\":6,\"maxCol\":4}],\"fields\":[{\"type\":\"label\",\"row\":0,\"col\":0,\"align\":\"undefined\",\"color\":\"undefined\",\"text\":\"项目简称：\"},{\"type\":\"label\",\"row\":1,\"col\":0,\"align\":\"undefined\",\"color\":\"undefined\",\"text\":\"项目类型：\"},{\"type\":\"label\",\"row\":2,\"col\":0,\"align\":\"undefined\",\"color\":\"undefined\",\"text\":\"项目成员：\"},{\"type\":\"label\",\"row\":3,\"col\":0,\"align\":\"undefined\",\"color\":\"undefined\",\"text\":\"项目内容：\"},{\"type\":\"label\",\"row\":4,\"col\":0,\"align\":\"undefined\",\"color\":\"undefined\",\"text\":\"项目来源：\"},{\"type\":\"label\",\"row\":5,\"col\":0,\"align\":\"undefined\",\"color\":\"undefined\",\"text\":\"项目预计周期：\"},{\"type\":\"label\",\"row\":6,\"col\":0,\"align\":\"undefined\",\"color\":\"undefined\",\"text\":\"预计工时费用(千元)：\"},{\"type\":\"select\",\"row\":1,\"col\":1,\"name\":\"xf_f_ywpz\",\"alias\":\"业务品种\",\"items\":\"\",\"dic\":\"cfg_yewupinzhong\",\"required\":false,\"readOnly\":false,\"reportFlag\":false},{\"type\":\"select\",\"row\":1,\"col\":2,\"name\":\"xf_f_cdjs\",\"alias\":\"承担角色\",\"items\":\"\",\"dic\":\"cfg_chengdanjuese\",\"required\":false,\"readOnly\":false,\"reportFlag\":false},{\"type\":\"proselection\",\"row\":0,\"col\":1,\"name\":\"xf_f_xmjc\",\"alias\":\"项目简称\",\"items\":\"\",\"dic\":\"\",\"required\":false,\"readOnly\":false,\"reportFlag\":false},{\"type\":\"textarea\",\"row\":3,\"col\":1,\"name\":\"xf_f_xmnr\",\"alias\":\"项目内容\",\"required\":false,\"readOnly\":false,\"reportFlag\":false},{\"type\":\"userselection\",\"row\":2,\"col\":1,\"required\":false,\"readOnly\":false,\"reportFlag\":false,\"name\":\"xf_f_xmcy\",\"alias\":\"项目成员\",\"collections\":[{\"type\":\"select\",\"name\":\"xf_f_xmcy~xf_f_us_r~@0\"},{\"type\":\"userpicker\",\"name\":\"xf_f_xmcy~xf_f_us_u~@1\"}]},{\"type\":\"textfield\",\"row\":4,\"col\":1,\"name\":\"xf_f_xmly\",\"alias\":\"项目来源\",\"required\":false,\"readOnly\":false,\"reportFlag\":false},{\"type\":\"datepicker\",\"row\":5,\"col\":1,\"name\":\"xf_f_xmyjqszq\",\"alias\":\"项目预计(起始)周期\",\"required\":false,\"readOnly\":false,\"reportFlag\":false},{\"type\":\"datepicker\",\"row\":5,\"col\":2,\"name\":\"xf_f_xmyjjszq\",\"alias\":\"项目预计(结束)周期\",\"required\":false,\"readOnly\":false,\"reportFlag\":false},{\"type\":\"numberbox\",\"row\":6,\"col\":1,\"name\":\"xf_f_yjgsfy\",\"alias\":\"预计工时费用(千元)\",\"minVal\":0,\"maxVal\":9999999999,\"precision\":2,\"required\":false,\"readOnly\":false,\"reportFlag\":false},{\"type\":\"numberbox\",\"row\":5,\"col\":4,\"name\":\"xf_f_yjzjfy\",\"alias\":\"预计直接费用(千元)\",\"minVal\":0,\"maxVal\":9999999999,\"precision\":2,\"required\":false,\"readOnly\":false,\"reportFlag\":false},{\"type\":\"label\",\"row\":5,\"col\":3,\"align\":\"undefined\",\"color\":\"undefined\",\"text\":\"预计直接费用(千元)：\"}]}]}', '{xmjc#ZM}-{yy}', 'sino-{yyyy-MM-dd}', '  ', 'admin', '2015-3-24 22:05:39', 'admin', '2015-4-18 17:14:24', '/dynamicForm/form/flow-input-form.html', NULL, 'dynamicFormAdapter', 'T', '', 'A1总经理会事宜报告模版', 'T');
INSERT INTO `t_form_template` (`ID`, `SEQUENCE`, `TYPE_ID`, `NAME`, `DESCRIPTION`, `STATUS`, `CONTENT`, `DOC_NO_RULE`, `REP_NO_RULE`, `PRO_NAME_RULE`, `CREATE_USER`, `CREATE_DATE`, `UPDATE_USER`, `UPDATE_DATE`, `VIEW_URL`, `ATTACHMENT`, `HANDLE_CLASS`, `DYNAMIC_FORM`, `PROJECTFLAG`, `PROCESS_NAME`, `EXPORT_FLAG`) VALUES ('66b149d5-64af-467c-94d6-bfe8771084d5', 3, '0cb4a172-4954-45d7-a0b9-388985331e85', '项目变动报告', '项目变动报告', 0, '{\"sections\":[{\"type\":\"text\",\"tag\":\"h1\",\"text\":\"项目变动报告\"},{\"type\":\"grid\",\"row\":\"18\",\"col\":\"5\",\"merge\":[{\"startId\":\"0-3\",\"minRow\":0,\"minCol\":3,\"maxRow\":0,\"maxCol\":4},{\"startId\":\"13-1\",\"minRow\":13,\"minCol\":1,\"maxRow\":13,\"maxCol\":4},{\"startId\":\"12-3\",\"minRow\":12,\"minCol\":3,\"maxRow\":12,\"maxCol\":4},{\"startId\":\"14-1\",\"minRow\":14,\"minCol\":1,\"maxRow\":14,\"maxCol\":4},{\"startId\":\"15-1\",\"minRow\":15,\"minCol\":1,\"maxRow\":15,\"maxCol\":4},{\"startId\":\"0-1\",\"minRow\":0,\"minCol\":1,\"maxRow\":0,\"maxCol\":2},{\"startId\":\"1-1\",\"minRow\":1,\"minCol\":1,\"maxRow\":1,\"maxCol\":2},{\"startId\":\"2-1\",\"minRow\":2,\"minCol\":1,\"maxRow\":2,\"maxCol\":2},{\"startId\":\"3-1\",\"minRow\":3,\"minCol\":1,\"maxRow\":3,\"maxCol\":2},{\"startId\":\"4-1\",\"minRow\":4,\"minCol\":1,\"maxRow\":4,\"maxCol\":2},{\"startId\":\"5-1\",\"minRow\":5,\"minCol\":1,\"maxRow\":5,\"maxCol\":2},{\"startId\":\"6-1\",\"minRow\":6,\"minCol\":1,\"maxRow\":6,\"maxCol\":2},{\"startId\":\"7-1\",\"minRow\":7,\"minCol\":1,\"maxRow\":7,\"maxCol\":2},{\"startId\":\"8-1\",\"minRow\":8,\"minCol\":1,\"maxRow\":8,\"maxCol\":2},{\"startId\":\"9-1\",\"minRow\":9,\"minCol\":1,\"maxRow\":9,\"maxCol\":2},{\"startId\":\"10-1\",\"minRow\":10,\"minCol\":1,\"maxRow\":10,\"maxCol\":2},{\"startId\":\"11-1\",\"minRow\":11,\"minCol\":1,\"maxRow\":11,\"maxCol\":2},{\"startId\":\"17-1\",\"minRow\":17,\"minCol\":1,\"maxRow\":17,\"maxCol\":4}],\"fields\":[{\"type\":\"label\",\"row\":0,\"col\":3,\"align\":\"left\",\"color\":\"red\",\"text\":\"请选择已经立项的项目简称并更新或更改相应信息。\"},{\"type\":\"label\",\"row\":0,\"col\":0,\"align\":\"undefined\",\"color\":\"undefined\",\"text\":\"项目简称：\"},{\"type\":\"label\",\"row\":1,\"col\":0,\"align\":\"undefined\",\"color\":\"undefined\",\"text\":\"公司全称：\"},{\"type\":\"label\",\"row\":2,\"col\":0,\"align\":\"undefined\",\"color\":\"undefined\",\"text\":\"公司简称：\"},{\"type\":\"label\",\"row\":3,\"col\":0,\"align\":\"undefined\",\"color\":\"undefined\",\"text\":\"经营范围：\"},{\"type\":\"label\",\"row\":4,\"col\":0,\"align\":\"undefined\",\"color\":\"undefined\",\"text\":\"法人代表：\"},{\"type\":\"label\",\"row\":5,\"col\":0,\"align\":\"undefined\",\"color\":\"undefined\",\"text\":\"注册资本(千元)：\"},{\"type\":\"label\",\"row\":6,\"col\":0,\"align\":\"undefined\",\"color\":\"undefined\",\"text\":\"注册地址：\"},{\"type\":\"label\",\"row\":7,\"col\":0,\"align\":\"undefined\",\"color\":\"undefined\",\"text\":\"联系人员：\"},{\"type\":\"label\",\"row\":8,\"col\":0,\"align\":\"undefined\",\"color\":\"undefined\",\"text\":\"联系电话：\"},{\"type\":\"label\",\"row\":9,\"col\":0,\"align\":\"undefined\",\"color\":\"undefined\",\"text\":\"总资产(千元)：\"},{\"type\":\"label\",\"row\":10,\"col\":0,\"align\":\"undefined\",\"color\":\"undefined\",\"text\":\"营业收入(千元)：\"},{\"type\":\"label\",\"row\":11,\"col\":0,\"align\":\"undefined\",\"color\":\"undefined\",\"text\":\"营业利润(千元)：\"},{\"type\":\"label\",\"row\":12,\"col\":0,\"align\":\"undefined\",\"color\":\"undefined\",\"text\":\"项目类型：\"},{\"type\":\"label\",\"row\":13,\"col\":0,\"align\":\"undefined\",\"color\":\"undefined\",\"text\":\"项目成员：\"},{\"type\":\"label\",\"row\":14,\"col\":0,\"align\":\"undefined\",\"color\":\"undefined\",\"text\":\"项目内容：\"},{\"type\":\"label\",\"row\":15,\"col\":0,\"align\":\"undefined\",\"color\":\"undefined\",\"text\":\"项目来源：\"},{\"type\":\"label\",\"row\":16,\"col\":0,\"align\":\"undefined\",\"color\":\"undefined\",\"text\":\"项目预计(起始)周期：\"},{\"type\":\"label\",\"row\":17,\"col\":0,\"align\":\"undefined\",\"color\":\"undefined\",\"text\":\"预计工时费用(千元)：\"},{\"type\":\"label\",\"row\":2,\"col\":3,\"align\":\"undefined\",\"color\":\"undefined\",\"text\":\"客户代码：\"},{\"type\":\"label\",\"row\":3,\"col\":3,\"align\":\"undefined\",\"color\":\"undefined\",\"text\":\"所属行业：\"},{\"type\":\"label\",\"row\":4,\"col\":3,\"align\":\"undefined\",\"color\":\"undefined\",\"text\":\"总经理：\"},{\"type\":\"label\",\"row\":6,\"col\":3,\"align\":\"undefined\",\"color\":\"undefined\",\"text\":\"邮政编码：\"},{\"type\":\"label\",\"row\":7,\"col\":3,\"align\":\"undefined\",\"color\":\"undefined\",\"text\":\"联系电邮：\"},{\"type\":\"label\",\"row\":8,\"col\":3,\"align\":\"undefined\",\"color\":\"undefined\",\"text\":\"联系传真：\"},{\"type\":\"label\",\"row\":9,\"col\":3,\"align\":\"undefined\",\"color\":\"undefined\",\"text\":\"净资产(千元)：\"},{\"type\":\"label\",\"row\":10,\"col\":3,\"align\":\"undefined\",\"color\":\"undefined\",\"text\":\"净利润(千元)：\"},{\"type\":\"label\",\"row\":11,\"col\":3,\"align\":\"undefined\",\"color\":\"undefined\",\"text\":\"财务期间：\"},{\"type\":\"select\",\"row\":1,\"col\":4,\"name\":\"xf_f_szss\",\"alias\":\"所在省市\",\"items\":\"\",\"dic\":\"cfg_suoshushegnshi\",\"required\":false,\"readOnly\":false,\"reportFlag\":false},{\"type\":\"label\",\"row\":1,\"col\":3,\"align\":\"undefined\",\"color\":\"undefined\",\"text\":\"所在省市：\"},{\"type\":\"select\",\"row\":3,\"col\":4,\"name\":\"xf_f_sshy\",\"alias\":\"所属行业\",\"items\":\"\",\"dic\":\"cfg_suoshuhangye\",\"required\":false,\"readOnly\":false,\"reportFlag\":false},{\"type\":\"textfield\",\"row\":2,\"col\":4,\"name\":\"xf_f_khdm\",\"alias\":\"客户代码\",\"required\":false,\"readOnly\":false,\"reportFlag\":false},{\"type\":\"proselection\",\"row\":0,\"col\":1,\"name\":\"xf_f_xmjc\",\"alias\":\"项目简称\",\"items\":\"\",\"dic\":\"\",\"required\":false,\"readOnly\":false,\"reportFlag\":false},{\"type\":\"textfield\",\"row\":1,\"col\":1,\"name\":\"xf_f_gsqc\",\"alias\":\"公司全称\",\"required\":false,\"readOnly\":false,\"reportFlag\":false},{\"type\":\"textfield\",\"row\":2,\"col\":1,\"name\":\"xf_f_gsjc\",\"alias\":\"公司简称\",\"required\":false,\"readOnly\":true,\"reportFlag\":false},{\"type\":\"textfield\",\"row\":3,\"col\":1,\"name\":\"xf_f_jyfw\",\"alias\":\"经营范围\",\"required\":false,\"readOnly\":false,\"reportFlag\":false},{\"type\":\"textfield\",\"row\":4,\"col\":1,\"name\":\"xf_f_frdb\",\"alias\":\"法人代表\",\"required\":false,\"readOnly\":false,\"reportFlag\":false},{\"type\":\"textfield\",\"row\":6,\"col\":1,\"name\":\"xf_f_zcdz\",\"alias\":\"注册地址\",\"required\":false,\"readOnly\":false,\"reportFlag\":false},{\"type\":\"textfield\",\"row\":7,\"col\":1,\"name\":\"xf_f_lxry\",\"alias\":\"联系人员\",\"required\":false,\"readOnly\":false,\"reportFlag\":false},{\"type\":\"textfield\",\"row\":8,\"col\":1,\"name\":\"xf_f_lxdh\",\"alias\":\"联系电话\",\"required\":false,\"readOnly\":false,\"reportFlag\":false},{\"type\":\"numberbox\",\"row\":5,\"col\":1,\"name\":\"xf_f_zczb\",\"alias\":\"注册资本(千元)\",\"minVal\":0,\"maxVal\":9999999999,\"precision\":2,\"required\":false,\"readOnly\":false,\"reportFlag\":false},{\"type\":\"numberbox\",\"row\":9,\"col\":1,\"name\":\"xf_f_zzc\",\"alias\":\"总资产(千元)\",\"minVal\":0,\"maxVal\":9999999999,\"precision\":2,\"required\":false,\"readOnly\":false,\"reportFlag\":false},{\"type\":\"numberbox\",\"row\":10,\"col\":1,\"name\":\"xf_f_yysr\",\"alias\":\"营业收入(千元)\",\"minVal\":0,\"maxVal\":9999999999,\"precision\":2,\"required\":false,\"readOnly\":false,\"reportFlag\":false},{\"type\":\"numberbox\",\"row\":11,\"col\":1,\"name\":\"xf_f_yylr\",\"alias\":\"营业利润(千元)\",\"minVal\":0,\"maxVal\":9999999999,\"precision\":2,\"required\":false,\"readOnly\":false,\"reportFlag\":false},{\"type\":\"select\",\"row\":12,\"col\":1,\"name\":\"xf_f_ywpz\",\"alias\":\"业务品种\",\"items\":\"\",\"dic\":\"cfg_yewupinzhong\",\"required\":false,\"readOnly\":true,\"reportFlag\":false},{\"type\":\"select\",\"row\":12,\"col\":2,\"name\":\"xf_f_cdjs\",\"alias\":\"承担角色\",\"items\":\"\",\"dic\":\"cfg_chengdanjuese\",\"required\":false,\"readOnly\":true,\"reportFlag\":false},{\"type\":\"userselection\",\"row\":13,\"col\":1,\"required\":false,\"readOnly\":false,\"reportFlag\":false,\"name\":\"xf_f_xmcy\",\"alias\":\"项目成员\",\"collections\":[{\"type\":\"select\",\"name\":\"xf_f_xmcy~xf_f_us_r~@0\"},{\"type\":\"userpicker\",\"name\":\"xf_f_xmcy~xf_f_us_u~@1\"}]},{\"type\":\"textarea\",\"row\":14,\"col\":1,\"name\":\"xf_f_xmnr\",\"alias\":\"项目内容\",\"required\":false,\"readOnly\":false,\"reportFlag\":false},{\"type\":\"textfield\",\"row\":15,\"col\":1,\"name\":\"xf_f_xmly\",\"alias\":\"项目来源\",\"required\":false,\"readOnly\":false,\"reportFlag\":false},{\"type\":\"datepicker\",\"row\":16,\"col\":1,\"name\":\"xf_f_xmyjqszq\",\"alias\":\"项目预计(起始)周期\",\"required\":false,\"readOnly\":false,\"reportFlag\":false},{\"type\":\"datepicker\",\"row\":16,\"col\":2,\"name\":\"xf_f_xmyjjszq\",\"alias\":\"项目预计(结束)周期\",\"required\":false,\"readOnly\":false,\"reportFlag\":false},{\"type\":\"numberbox\",\"row\":17,\"col\":1,\"name\":\"xf_f_yjgsfy\",\"alias\":\"预计工时费用(千元)\",\"minVal\":0,\"maxVal\":9999999999,\"precision\":2,\"required\":false,\"readOnly\":false,\"reportFlag\":false},{\"type\":\"textfield\",\"row\":11,\"col\":4,\"name\":\"xf_f_cwqj\",\"alias\":\"财务期间\",\"required\":false,\"readOnly\":false,\"reportFlag\":false},{\"type\":\"textfield\",\"row\":4,\"col\":4,\"name\":\"xf_f_zjl\",\"alias\":\"总经理\",\"required\":false,\"readOnly\":false,\"reportFlag\":false},{\"type\":\"label\",\"row\":5,\"col\":3,\"align\":\"undefined\",\"color\":\"undefined\",\"text\":\"成立日期：\"},{\"type\":\"datepicker\",\"row\":5,\"col\":4,\"name\":\"xf_f_clrq\",\"alias\":\"成立日期\",\"required\":false,\"readOnly\":false,\"reportFlag\":false},{\"type\":\"textfield\",\"row\":6,\"col\":4,\"name\":\"xf_f_yzbm\",\"alias\":\"邮政编码\",\"required\":false,\"readOnly\":false,\"reportFlag\":false},{\"type\":\"textfield\",\"row\":7,\"col\":4,\"name\":\"xf_f_lxdy\",\"alias\":\"联系电邮\",\"required\":false,\"readOnly\":false,\"reportFlag\":false},{\"type\":\"textfield\",\"row\":8,\"col\":4,\"name\":\"xf_f_lxcz\",\"alias\":\"联系传真\",\"required\":false,\"readOnly\":false,\"reportFlag\":false},{\"type\":\"numberbox\",\"row\":9,\"col\":4,\"name\":\"xf_f_jingzc\",\"alias\":\"净资产(千元)\",\"minVal\":0,\"maxVal\":9999999999,\"precision\":2,\"required\":false,\"readOnly\":false,\"reportFlag\":false},{\"type\":\"numberbox\",\"row\":10,\"col\":4,\"name\":\"xf_f_jinglr\",\"alias\":\"净利润(千元)\",\"minVal\":0,\"maxVal\":9999999999,\"precision\":2,\"required\":false,\"readOnly\":false,\"reportFlag\":false},{\"type\":\"label\",\"row\":16,\"col\":3,\"align\":\"undefined\",\"color\":\"undefined\",\"text\":\"预计直接费用(千元)：\"},{\"type\":\"numberbox\",\"row\":16,\"col\":4,\"name\":\"xf_f_yjzjfy\",\"alias\":\"预计直接费用(千元)\",\"minVal\":0,\"maxVal\":9999999999,\"precision\":2,\"required\":false,\"readOnly\":false,\"reportFlag\":false}]}]}', '{xmjc#ZM}-{yy}', 'sino-{yyyy-MM-dd}', '', 'admin', '2015-3-22 19:55:35', 'admin', '2015-4-25 12:07:55', '/dynamicForm/form/flow-input-form.html', NULL, 'dynamicFormAdapter', 'T', '', 'A1总经理会事宜报告模版', 'T');
INSERT INTO `t_form_template` (`ID`, `SEQUENCE`, `TYPE_ID`, `NAME`, `DESCRIPTION`, `STATUS`, `CONTENT`, `DOC_NO_RULE`, `REP_NO_RULE`, `PRO_NAME_RULE`, `CREATE_USER`, `CREATE_DATE`, `UPDATE_USER`, `UPDATE_DATE`, `VIEW_URL`, `ATTACHMENT`, `HANDLE_CLASS`, `DYNAMIC_FORM`, `PROJECTFLAG`, `PROCESS_NAME`, `EXPORT_FLAG`) VALUES ('70420df7-8b3e-488e-94b7-96d225483e5d', 4, '1783377b-36a5-4024-bef8-d2fbfb0e5dfb', '董事会事宜报告', '董事会事宜报告', 0, '{\"sections\":[{\"type\":\"text\",\"tag\":\"h1\",\"text\":\"董事会事宜报告\"},{\"type\":\"grid\",\"row\":\"2\",\"col\":\"6\",\"merge\":[{\"startId\":\"0-0\",\"minRow\":0,\"minCol\":0,\"maxRow\":1,\"maxCol\":5}],\"fields\":[]}]}', 'sino-{yyyy-MM-dd}', 'sino-{yyyy-MM-dd}', 'sino-{yyyy-MM-dd}', 'admin', '2015-3-21 18:07:01', 'admin', '2015-4-18 22:23:39', '/dynamicForm/form/flow-input-form.html', NULL, 'dynamicFormAdapter', 'T', '', 'A1总经理会事宜报告模版', 'T');
INSERT INTO `t_form_template` (`ID`, `SEQUENCE`, `TYPE_ID`, `NAME`, `DESCRIPTION`, `STATUS`, `CONTENT`, `DOC_NO_RULE`, `REP_NO_RULE`, `PRO_NAME_RULE`, `CREATE_USER`, `CREATE_DATE`, `UPDATE_USER`, `UPDATE_DATE`, `VIEW_URL`, `ATTACHMENT`, `HANDLE_CLASS`, `DYNAMIC_FORM`, `PROJECTFLAG`, `PROCESS_NAME`, `EXPORT_FLAG`) VALUES ('7af49647-bb40-4866-809e-0509f13ae16a', 1, '778c99a5-f066-4270-977e-2e2153f03aa0', '差旅费报销单据', '差旅费报销单据', 0, '{\"sections\":[{\"type\":\"text\",\"tag\":\"h1\",\"text\":\"差旅费报销单据\"},{\"type\":\"grid\",\"row\":\"2\",\"col\":\"4\",\"merge\":[],\"fields\":[]}]}', 'sino-{yyyy-MM-dd}', 'sino-{yyyy-MM-dd}', '', 'admin', '2015-3-25 13:49:27', 'admin', '2015-4-20 23:45:52', '/fixedForm/form/flow-input-form1.html', NULL, 'dynamicFormAdapter', 'T', '', 'A1总经理会事宜报告模版', 'T');
INSERT INTO `t_form_template` (`ID`, `SEQUENCE`, `TYPE_ID`, `NAME`, `DESCRIPTION`, `STATUS`, `CONTENT`, `DOC_NO_RULE`, `REP_NO_RULE`, `PRO_NAME_RULE`, `CREATE_USER`, `CREATE_DATE`, `UPDATE_USER`, `UPDATE_DATE`, `VIEW_URL`, `ATTACHMENT`, `HANDLE_CLASS`, `DYNAMIC_FORM`, `PROJECTFLAG`, `PROCESS_NAME`, `EXPORT_FLAG`) VALUES ('7de73376-bdcb-448d-82e9-64358fcc2725', 2, '1783377b-36a5-4024-bef8-d2fbfb0e5dfb', '合伙人会事宜报告', '合伙人会事宜报告', 0, '{\"sections\":[{\"type\":\"text\",\"tag\":\"h1\",\"text\":\"合伙人会事宜报告\"},{\"type\":\"grid\",\"row\":\"2\",\"col\":\"6\",\"merge\":[{\"startId\":\"0-0\",\"minRow\":0,\"minCol\":0,\"maxRow\":1,\"maxCol\":5}],\"fields\":[]}]}', 'sino-{yyyy-MM-dd}', 'sino-{yyyy-MM-dd}', 'sino-{yyyy-MM-dd}', 'admin', '2015-3-21 17:56:09', 'admin', '2015-4-18 22:23:12', '/dynamicForm/form/flow-input-form.html', NULL, 'dynamicFormAdapter', 'T', '', 'A1总经理会事宜报告模版', 'T');
INSERT INTO `t_form_template` (`ID`, `SEQUENCE`, `TYPE_ID`, `NAME`, `DESCRIPTION`, `STATUS`, `CONTENT`, `DOC_NO_RULE`, `REP_NO_RULE`, `PRO_NAME_RULE`, `CREATE_USER`, `CREATE_DATE`, `UPDATE_USER`, `UPDATE_DATE`, `VIEW_URL`, `ATTACHMENT`, `HANDLE_CLASS`, `DYNAMIC_FORM`, `PROJECTFLAG`, `PROCESS_NAME`, `EXPORT_FLAG`) VALUES ('83307d0e-984e-4902-a8c5-7bae05ab3564', 1, '0cb4a172-4954-45d7-a0b9-388985331e85', '项目开发报告', '项目开发报告', 0, '{\"sections\":[{\"type\":\"text\",\"tag\":\"h1\",\"text\":\"项目开发报告\"},{\"type\":\"grid\",\"row\":\"19\",\"col\":\"7\",\"merge\":[{\"startId\":\"12-0\",\"minRow\":12,\"minCol\":0,\"maxRow\":13,\"maxCol\":0},{\"startId\":\"0-4\",\"minRow\":0,\"minCol\":4,\"maxRow\":0,\"maxCol\":6},{\"startId\":\"1-4\",\"minRow\":1,\"minCol\":4,\"maxRow\":1,\"maxCol\":6},{\"startId\":\"2-4\",\"minRow\":2,\"minCol\":4,\"maxRow\":2,\"maxCol\":6},{\"startId\":\"3-4\",\"minRow\":3,\"minCol\":4,\"maxRow\":3,\"maxCol\":6},{\"startId\":\"4-4\",\"minRow\":4,\"minCol\":4,\"maxRow\":4,\"maxCol\":6},{\"startId\":\"5-4\",\"minRow\":5,\"minCol\":4,\"maxRow\":5,\"maxCol\":6},{\"startId\":\"6-4\",\"minRow\":6,\"minCol\":4,\"maxRow\":6,\"maxCol\":6},{\"startId\":\"7-4\",\"minRow\":7,\"minCol\":4,\"maxRow\":7,\"maxCol\":6},{\"startId\":\"8-4\",\"minRow\":8,\"minCol\":4,\"maxRow\":8,\"maxCol\":6},{\"startId\":\"9-4\",\"minRow\":9,\"minCol\":4,\"maxRow\":9,\"maxCol\":6},{\"startId\":\"10-4\",\"minRow\":10,\"minCol\":4,\"maxRow\":10,\"maxCol\":6},{\"startId\":\"16-4\",\"minRow\":16,\"minCol\":4,\"maxRow\":16,\"maxCol\":6},{\"startId\":\"14-1\",\"minRow\":14,\"minCol\":1,\"maxRow\":14,\"maxCol\":6},{\"startId\":\"12-1\",\"minRow\":12,\"minCol\":1,\"maxRow\":13,\"maxCol\":6},{\"startId\":\"11-3\",\"minRow\":11,\"minCol\":3,\"maxRow\":11,\"maxCol\":6},{\"startId\":\"17-0\",\"minRow\":17,\"minCol\":0,\"maxRow\":18,\"maxCol\":0},{\"startId\":\"0-1\",\"minRow\":0,\"minCol\":1,\"maxRow\":0,\"maxCol\":2},{\"startId\":\"1-1\",\"minRow\":1,\"minCol\":1,\"maxRow\":1,\"maxCol\":2},{\"startId\":\"2-1\",\"minRow\":2,\"minCol\":1,\"maxRow\":2,\"maxCol\":2},{\"startId\":\"3-1\",\"minRow\":3,\"minCol\":1,\"maxRow\":3,\"maxCol\":2},{\"startId\":\"4-1\",\"minRow\":4,\"minCol\":1,\"maxRow\":4,\"maxCol\":2},{\"startId\":\"5-1\",\"minRow\":5,\"minCol\":1,\"maxRow\":5,\"maxCol\":2},{\"startId\":\"6-1\",\"minRow\":6,\"minCol\":1,\"maxRow\":6,\"maxCol\":2},{\"startId\":\"7-1\",\"minRow\":7,\"minCol\":1,\"maxRow\":7,\"maxCol\":2},{\"startId\":\"8-1\",\"minRow\":8,\"minCol\":1,\"maxRow\":8,\"maxCol\":2},{\"startId\":\"9-1\",\"minRow\":9,\"minCol\":1,\"maxRow\":9,\"maxCol\":2},{\"startId\":\"10-1\",\"minRow\":10,\"minCol\":1,\"maxRow\":10,\"maxCol\":2},{\"startId\":\"15-1\",\"minRow\":15,\"minCol\":1,\"maxRow\":15,\"maxCol\":6},{\"startId\":\"17-1\",\"minRow\":17,\"minCol\":1,\"maxRow\":18,\"maxCol\":6}],\"fields\":[{\"type\":\"label\",\"row\":0,\"col\":0,\"align\":\"center\",\"color\":\"black\",\"text\":\"公司全称：\"},{\"type\":\"label\",\"row\":1,\"col\":0,\"align\":\"center\",\"color\":\"black\",\"text\":\"公司简称：\"},{\"type\":\"label\",\"row\":2,\"col\":0,\"align\":\"center\",\"color\":\"black\",\"text\":\"经营范围：\"},{\"type\":\"label\",\"row\":3,\"col\":0,\"align\":\"center\",\"color\":\"black\",\"text\":\"法人代表：\"},{\"type\":\"label\",\"row\":5,\"col\":0,\"align\":\"center\",\"color\":\"black\",\"text\":\"注册地址：\"},{\"type\":\"label\",\"row\":4,\"col\":0,\"align\":\"center\",\"color\":\"black\",\"text\":\"注册资本(千元)：\"},{\"type\":\"label\",\"row\":6,\"col\":0,\"align\":\"center\",\"color\":\"black\",\"text\":\"联系人员：\"},{\"type\":\"label\",\"row\":7,\"col\":0,\"align\":\"center\",\"color\":\"black\",\"text\":\"联系电话：\"},{\"type\":\"label\",\"row\":8,\"col\":0,\"align\":\"center\",\"color\":\"black\",\"text\":\"总资产(千元)：\"},{\"type\":\"label\",\"row\":9,\"col\":0,\"align\":\"center\",\"color\":\"black\",\"text\":\"营业收入(千元)：\"},{\"type\":\"label\",\"row\":10,\"col\":0,\"align\":\"center\",\"color\":\"black\",\"text\":\"营业利润(千元)：\"},{\"type\":\"textfield\",\"row\":1,\"col\":1,\"name\":\"xf_f_gsjc\",\"alias\":\"公司简称\",\"required\":false,\"readOnly\":false,\"reportFlag\":true},{\"type\":\"textfield\",\"row\":0,\"col\":1,\"name\":\"xf_f_gsqc\",\"alias\":\"公司全称\",\"required\":false,\"readOnly\":false,\"reportFlag\":true},{\"type\":\"textfield\",\"row\":2,\"col\":1,\"name\":\"xf_f_jyfw\",\"alias\":\"经营范围\",\"required\":false,\"readOnly\":false,\"reportFlag\":true},{\"type\":\"textfield\",\"row\":3,\"col\":1,\"name\":\"xf_f_frdb\",\"alias\":\"法人代表\",\"required\":false,\"readOnly\":false,\"reportFlag\":true},{\"type\":\"numberbox\",\"row\":4,\"col\":1,\"name\":\"xf_f_zczb\",\"alias\":\"注册资本(千元)\",\"minVal\":0,\"maxVal\":9999999999,\"precision\":2,\"required\":false,\"readOnly\":false,\"reportFlag\":true},{\"type\":\"label\",\"row\":11,\"col\":0,\"align\":\"center\",\"color\":\"black\",\"text\":\"项目类型：\"},{\"type\":\"label\",\"row\":14,\"col\":0,\"align\":\"center\",\"color\":\"black\",\"text\":\"项目内容：\"},{\"type\":\"label\",\"row\":15,\"col\":0,\"align\":\"center\",\"color\":\"black\",\"text\":\"项目来源：\"},{\"type\":\"label\",\"row\":16,\"col\":0,\"align\":\"center\",\"color\":\"black\",\"text\":\"项目预计(起始)周期：\"},{\"type\":\"label\",\"row\":17,\"col\":0,\"align\":\"center\",\"color\":\"black\",\"text\":\"预计工时费用(千元)：\"},{\"type\":\"label\",\"row\":12,\"col\":2,\"align\":\"center\",\"color\":\"black\",\"text\":\"项目主办：\"},{\"type\":\"userselection\",\"row\":13,\"col\":1,\"required\":false,\"readOnly\":false,\"reportFlag\":false,\"name\":\"xf_f_userselection-13-1\",\"alias\":\"userselection-13-1\",\"collections\":[{\"type\":\"select\",\"name\":\"xf_f_userselection-13-1~xf_f_us_r~@0\"},{\"type\":\"userpicker\",\"name\":\"xf_f_userselection-13-1~xf_f_us_u~@1\"}]},{\"type\":\"label\",\"row\":12,\"col\":0,\"align\":\"center\",\"color\":\"black\",\"text\":\"项目成员：\"},{\"type\":\"userselection\",\"row\":12,\"col\":1,\"required\":false,\"readOnly\":false,\"reportFlag\":true,\"name\":\"xf_f_xmcy\",\"alias\":\"项目成员\",\"collections\":[{\"type\":\"select\",\"name\":\"xf_f_xmcy~xf_f_us_r~@0\"},{\"type\":\"userpicker\",\"name\":\"xf_f_xmcy~xf_f_us_u~@1\"}]},{\"type\":\"label\",\"row\":4,\"col\":3,\"align\":\"center\",\"color\":\"black\",\"text\":\"成立日期：\"},{\"type\":\"label\",\"row\":3,\"col\":3,\"align\":\"center\",\"color\":\"black\",\"text\":\"总经理：\"},{\"type\":\"label\",\"row\":1,\"col\":3,\"align\":\"center\",\"color\":\"black\",\"text\":\"客户代码：\"},{\"type\":\"label\",\"row\":0,\"col\":3,\"align\":\"center\",\"color\":\"black\",\"text\":\"所在省市：\"},{\"type\":\"label\",\"row\":5,\"col\":3,\"align\":\"center\",\"color\":\"black\",\"text\":\"邮政编码：\"},{\"type\":\"label\",\"row\":6,\"col\":3,\"align\":\"center\",\"color\":\"black\",\"text\":\"联系电邮：\"},{\"type\":\"label\",\"row\":7,\"col\":3,\"align\":\"center\",\"color\":\"black\",\"text\":\"联系传真：\"},{\"type\":\"label\",\"row\":8,\"col\":3,\"align\":\"center\",\"color\":\"black\",\"text\":\"净资产(千元)：\"},{\"type\":\"label\",\"row\":9,\"col\":3,\"align\":\"center\",\"color\":\"black\",\"text\":\"净利润(千元)：\"},{\"type\":\"label\",\"row\":10,\"col\":3,\"align\":\"center\",\"color\":\"black\",\"text\":\"财务期间：\"},{\"type\":\"label\",\"row\":16,\"col\":3,\"align\":\"center\",\"color\":\"black\",\"text\":\"预计直接费用(千元)：\"},{\"type\":\"numberbox\",\"row\":9,\"col\":1,\"name\":\"xf_f_yysr\",\"alias\":\"营业收入(千元)\",\"minVal\":0,\"maxVal\":9999999999,\"precision\":2,\"required\":false,\"readOnly\":false,\"reportFlag\":true},{\"type\":\"textfield\",\"row\":5,\"col\":1,\"name\":\"xf_f_zcdz\",\"alias\":\"注册地址\",\"required\":false,\"readOnly\":false,\"reportFlag\":true},{\"type\":\"textfield\",\"row\":6,\"col\":1,\"name\":\"xf_f_lxry\",\"alias\":\"联系人员\",\"required\":false,\"readOnly\":false,\"reportFlag\":true},{\"type\":\"textfield\",\"row\":7,\"col\":1,\"name\":\"xf_f_lxdh\",\"alias\":\"联系电话\",\"required\":false,\"readOnly\":false,\"reportFlag\":true},{\"type\":\"numberbox\",\"row\":8,\"col\":1,\"name\":\"xf_f_zzc\",\"alias\":\"总资产(千元)\",\"minVal\":0,\"maxVal\":9999999999,\"precision\":2,\"required\":false,\"readOnly\":false,\"reportFlag\":true},{\"type\":\"numberbox\",\"row\":10,\"col\":1,\"name\":\"xf_f_yylr\",\"alias\":\"营业利润(千元)\",\"minVal\":0,\"maxVal\":9999999999,\"precision\":2,\"required\":false,\"readOnly\":false,\"reportFlag\":true},{\"type\":\"select\",\"row\":11,\"col\":1,\"name\":\"xf_f_ywpz\",\"alias\":\"业务品种\",\"items\":\"\",\"dic\":\"cfg_yewupinzhong\",\"required\":false,\"readOnly\":false,\"reportFlag\":true},{\"type\":\"select\",\"row\":11,\"col\":2,\"name\":\"xf_f_cdjs\",\"alias\":\"承担角色\",\"items\":\"\",\"dic\":\"cfg_chengdanjuese\",\"required\":false,\"readOnly\":false,\"reportFlag\":true},{\"type\":\"textarea\",\"row\":14,\"col\":1,\"name\":\"xf_f_xmnr\",\"alias\":\"项目内容\",\"required\":false,\"readOnly\":false,\"reportFlag\":true},{\"type\":\"textfield\",\"row\":15,\"col\":1,\"name\":\"xf_f_xmly\",\"alias\":\"项目来源\",\"required\":false,\"readOnly\":false,\"reportFlag\":true},{\"type\":\"datepicker\",\"row\":16,\"col\":1,\"name\":\"xf_f_xmyjqszq\",\"alias\":\"项目预计(起始)周期\",\"required\":false,\"readOnly\":false,\"reportFlag\":true},{\"type\":\"datepicker\",\"row\":16,\"col\":2,\"name\":\"xf_f_xmyjjszq\",\"alias\":\"项目预计(结束)周期\",\"required\":false,\"readOnly\":false,\"reportFlag\":true},{\"type\":\"numberbox\",\"row\":17,\"col\":1,\"name\":\"xf_f_yjgsfy\",\"alias\":\"预计工时费用(千元)\",\"minVal\":0,\"maxVal\":9999999999,\"precision\":2,\"required\":false,\"readOnly\":false,\"reportFlag\":true},{\"type\":\"numberbox\",\"row\":16,\"col\":4,\"name\":\"xf_f_yjzjfy\",\"alias\":\"预计直接费用(千元)\",\"minVal\":0,\"maxVal\":9999999999,\"precision\":2,\"required\":false,\"readOnly\":false,\"reportFlag\":false},{\"type\":\"select\",\"row\":0,\"col\":4,\"name\":\"xf_f_szss\",\"alias\":\"所在省市\",\"items\":\"\",\"dic\":\"cfg_suoshushegnshi\",\"required\":false,\"readOnly\":false,\"reportFlag\":false},{\"type\":\"textfield\",\"row\":1,\"col\":4,\"name\":\"xf_f_khdm\",\"alias\":\"客户代码\",\"required\":false,\"readOnly\":false,\"reportFlag\":false},{\"type\":\"select\",\"row\":2,\"col\":4,\"name\":\"xf_f_sshy\",\"alias\":\"所属行业\",\"items\":\"\",\"dic\":\"cfg_suoshuhangye\",\"required\":false,\"readOnly\":false,\"reportFlag\":false},{\"type\":\"textfield\",\"row\":3,\"col\":4,\"name\":\"xf_f_zjl\",\"alias\":\"总经理\",\"required\":false,\"readOnly\":false,\"reportFlag\":false},{\"type\":\"datepicker\",\"row\":4,\"col\":4,\"name\":\"xf_f_clrq\",\"alias\":\"成立日期\",\"required\":false,\"readOnly\":false,\"reportFlag\":false},{\"type\":\"textfield\",\"row\":5,\"col\":4,\"name\":\"xf_f_yzbm\",\"alias\":\"邮政编码\",\"required\":false,\"readOnly\":false,\"reportFlag\":false},{\"type\":\"textfield\",\"row\":6,\"col\":4,\"name\":\"xf_f_lxdy\",\"alias\":\"联系电邮\",\"required\":false,\"readOnly\":false,\"reportFlag\":false},{\"type\":\"textfield\",\"row\":7,\"col\":4,\"name\":\"xf_f_lxcz\",\"alias\":\"联系传真\",\"required\":false,\"readOnly\":false,\"reportFlag\":false},{\"type\":\"numberbox\",\"row\":8,\"col\":4,\"name\":\"xf_f_jingzc\",\"alias\":\"净资产(千元)\",\"minVal\":0,\"maxVal\":9999999999,\"precision\":2,\"required\":false,\"readOnly\":false,\"reportFlag\":false},{\"type\":\"numberbox\",\"row\":9,\"col\":4,\"name\":\"xf_f_jinglr\",\"alias\":\"净利润(千元)\",\"minVal\":0,\"maxVal\":9999999999,\"precision\":2,\"required\":false,\"readOnly\":false,\"reportFlag\":false},{\"type\":\"textfield\",\"row\":10,\"col\":4,\"name\":\"xf_f_cwqj\",\"alias\":\"财务期间\",\"required\":false,\"readOnly\":false,\"reportFlag\":false},{\"type\":\"label\",\"row\":2,\"col\":3,\"align\":\"center\",\"color\":\"black\",\"text\":\"所属行业：\"}]}]}', '{khdm}-{yy}', 'sino-{yyyy-MM-dd}', '{gsjc}-{ywpz}-{cdjs}', 'admin', '2015-3-22 16:59:17', 'admin', '2015-4-18 17:09:41', '/dynamicForm/form/flow-input-form.html', NULL, 'dynamicFormAdapter', 'T', 'T', 'A1总经理会事宜报告模版', 'T');
INSERT INTO `t_form_template` (`ID`, `SEQUENCE`, `TYPE_ID`, `NAME`, `DESCRIPTION`, `STATUS`, `CONTENT`, `DOC_NO_RULE`, `REP_NO_RULE`, `PRO_NAME_RULE`, `CREATE_USER`, `CREATE_DATE`, `UPDATE_USER`, `UPDATE_DATE`, `VIEW_URL`, `ATTACHMENT`, `HANDLE_CLASS`, `DYNAMIC_FORM`, `PROJECTFLAG`, `PROCESS_NAME`, `EXPORT_FLAG`) VALUES ('a1a537af-0c8e-4913-a385-96b528932563', 3, '1783377b-36a5-4024-bef8-d2fbfb0e5dfb', '股东会事宜报告', '股东会事宜报告', 0, '{\"sections\":[{\"type\":\"text\",\"tag\":\"h1\",\"text\":\"股东会事宜报告\"},{\"type\":\"grid\",\"row\":\"2\",\"col\":\"6\",\"merge\":[{\"startId\":\"0-0\",\"minRow\":0,\"minCol\":0,\"maxRow\":1,\"maxCol\":5}],\"fields\":[]}]}', 'sino-{yyyy-MM-dd}', 'sino-{yyyy-MM-dd}', 'ffff', 'admin', '2015-3-21 18:00:06', 'admin', '2015-4-18 22:23:29', '/dynamicForm/form/flow-input-form.html', NULL, 'dynamicFormAdapter', 'T', '', 'A1总经理会事宜报告模版', 'T');
INSERT INTO `t_form_template` (`ID`, `SEQUENCE`, `TYPE_ID`, `NAME`, `DESCRIPTION`, `STATUS`, `CONTENT`, `DOC_NO_RULE`, `REP_NO_RULE`, `PRO_NAME_RULE`, `CREATE_USER`, `CREATE_DATE`, `UPDATE_USER`, `UPDATE_DATE`, `VIEW_URL`, `ATTACHMENT`, `HANDLE_CLASS`, `DYNAMIC_FORM`, `PROJECTFLAG`, `PROCESS_NAME`, `EXPORT_FLAG`) VALUES ('a45fabad-bdee-447e-bf2e-2ec55bcac8b0', 5, '778c99a5-f066-4270-977e-2e2153f03aa0', '项目收入发票', '项目收入发票', 0, '{\"sections\":[{\"type\":\"text\",\"tag\":\"h1\",\"text\":\"项目收入发票\"},{\"type\":\"grid\",\"row\":\"7\",\"col\":\"10\",\"merge\":[{\"startId\":\"1-1\",\"minRow\":1,\"minCol\":1,\"maxRow\":1,\"maxCol\":2},{\"startId\":\"1-4\",\"minRow\":1,\"minCol\":4,\"maxRow\":1,\"maxCol\":5},{\"startId\":\"1-7\",\"minRow\":1,\"minCol\":7,\"maxRow\":1,\"maxCol\":9},{\"startId\":\"2-1\",\"minRow\":2,\"minCol\":1,\"maxRow\":2,\"maxCol\":2},{\"startId\":\"2-4\",\"minRow\":2,\"minCol\":4,\"maxRow\":2,\"maxCol\":5},{\"startId\":\"2-7\",\"minRow\":2,\"minCol\":7,\"maxRow\":2,\"maxCol\":9},{\"startId\":\"4-1\",\"minRow\":4,\"minCol\":1,\"maxRow\":4,\"maxCol\":9},{\"startId\":\"5-1\",\"minRow\":5,\"minCol\":1,\"maxRow\":5,\"maxCol\":9},{\"startId\":\"0-4\",\"minRow\":0,\"minCol\":4,\"maxRow\":0,\"maxCol\":9},{\"startId\":\"0-1\",\"minRow\":0,\"minCol\":1,\"maxRow\":0,\"maxCol\":2},{\"startId\":\"3-1\",\"minRow\":3,\"minCol\":1,\"maxRow\":3,\"maxCol\":9}],\"fields\":[{\"type\":\"label\",\"row\":0,\"col\":0,\"align\":\"center\",\"color\":\"black\",\"text\":\"费用承担项目\"},{\"type\":\"proselection\",\"row\":0,\"col\":1,\"name\":\"xf_f_fycdxm\",\"alias\":\"费用承担项目\",\"items\":\"\",\"dic\":\"\",\"required\":false,\"readOnly\":false,\"reportFlag\":false},{\"type\":\"label\",\"row\":1,\"col\":0,\"align\":\"center\",\"color\":\"black\",\"text\":\"收款单位\"},{\"type\":\"label\",\"row\":2,\"col\":0,\"align\":\"center\",\"color\":\"black\",\"text\":\"收入性质\"},{\"type\":\"textfield\",\"row\":1,\"col\":1,\"name\":\"xf_f_skdw\",\"alias\":\"收款单位\",\"required\":false,\"readOnly\":false,\"reportFlag\":false},{\"type\":\"textfield\",\"row\":2,\"col\":1,\"name\":\"xf_f_srxz\",\"alias\":\"收入性质\",\"required\":false,\"readOnly\":false,\"reportFlag\":false},{\"type\":\"label\",\"row\":6,\"col\":0,\"align\":\"center\",\"color\":\"black\",\"text\":\"复核\"},{\"type\":\"label\",\"row\":6,\"col\":2,\"align\":\"center\",\"color\":\"black\",\"text\":\"财务\"},{\"type\":\"label\",\"row\":6,\"col\":4,\"align\":\"center\",\"color\":\"black\",\"text\":\"审核\"},{\"type\":\"label\",\"row\":6,\"col\":6,\"align\":\"center\",\"color\":\"black\",\"text\":\"报销\"},{\"type\":\"label\",\"row\":6,\"col\":8,\"align\":\"center\",\"color\":\"black\",\"text\":\"领款\"},{\"type\":\"label\",\"row\":1,\"col\":6,\"align\":\"center\",\"color\":\"black\",\"text\":\"收款帐号\"},{\"type\":\"textfield\",\"row\":1,\"col\":7,\"name\":\"xf_f_skzh\",\"alias\":\"收款帐号\",\"required\":false,\"readOnly\":false,\"reportFlag\":false},{\"type\":\"numberbox\",\"row\":2,\"col\":7,\"name\":\"xf_f_zdrs\",\"alias\":\"招待人数\",\"minVal\":0,\"maxVal\":9999999999,\"precision\":0,\"required\":false,\"readOnly\":false,\"reportFlag\":false},{\"type\":\"label\",\"row\":2,\"col\":6,\"align\":\"center\",\"color\":\"black\",\"text\":\"招待人数\"},{\"type\":\"textfield\",\"row\":2,\"col\":4,\"name\":\"xf_f_zddx\",\"alias\":\"招待对象\",\"required\":false,\"readOnly\":false,\"reportFlag\":false},{\"type\":\"label\",\"row\":2,\"col\":3,\"align\":\"center\",\"color\":\"black\",\"text\":\"招待对象\"},{\"type\":\"textfield\",\"row\":0,\"col\":4,\"name\":\"xf_f_fixedName_xmjl\",\"alias\":\"项目经理\",\"required\":false,\"readOnly\":true,\"reportFlag\":false},{\"type\":\"label\",\"row\":0,\"col\":3,\"align\":\"center\",\"color\":\"black\",\"text\":\"项目经理\"},{\"type\":\"label\",\"row\":1,\"col\":3,\"align\":\"center\",\"color\":\"black\",\"text\":\"收款银行\"},{\"type\":\"textfield\",\"row\":1,\"col\":4,\"name\":\"xf_f_skyh\",\"alias\":\"收款银行\",\"required\":false,\"readOnly\":false,\"reportFlag\":false},{\"type\":\"label\",\"row\":5,\"col\":0,\"align\":\"center\",\"color\":\"black\",\"text\":\"附件张数\"},{\"type\":\"numberbox\",\"row\":5,\"col\":1,\"name\":\"xf_f_fjzs\",\"alias\":\"附件张数\",\"minVal\":0,\"maxVal\":9999999999,\"precision\":0,\"required\":false,\"readOnly\":false,\"reportFlag\":false},{\"type\":\"label\",\"row\":3,\"col\":0,\"align\":\"center\",\"color\":\"black\",\"text\":\"发票金额\"},{\"type\":\"numberbox\",\"row\":3,\"col\":1,\"name\":\"xf_f_fpje\",\"alias\":\"发票金额\",\"minVal\":0,\"maxVal\":9999999999,\"precision\":2,\"required\":false,\"readOnly\":false,\"reportFlag\":false},{\"type\":\"label\",\"row\":4,\"col\":0,\"align\":\"center\",\"color\":\"black\",\"text\":\"发票金额(大写)\"},{\"type\":\"upperdigit\",\"row\":4,\"col\":1,\"name\":\"xf_f_fpjedx\",\"alias\":\"发票金额(大写)\",\"resources\":\"#fpje#\",\"required\":false,\"readOnly\":false,\"reportFlag\":false}]}]}', 'sino-{yyyy-MM-dd}', 'sino-{yyyy-MM-dd}', '', 'admin', '2015-3-25 13:51:02', 'admin', '2015-4-25 12:14:08', '/dynamicForm/form/flow-input-form.html', NULL, 'dynamicFormAdapter', 'T', '', 'A1总经理会事宜报告模版', 'T');
INSERT INTO `t_form_template` (`ID`, `SEQUENCE`, `TYPE_ID`, `NAME`, `DESCRIPTION`, `STATUS`, `CONTENT`, `DOC_NO_RULE`, `REP_NO_RULE`, `PRO_NAME_RULE`, `CREATE_USER`, `CREATE_DATE`, `UPDATE_USER`, `UPDATE_DATE`, `VIEW_URL`, `ATTACHMENT`, `HANDLE_CLASS`, `DYNAMIC_FORM`, `PROJECTFLAG`, `PROCESS_NAME`, `EXPORT_FLAG`) VALUES ('a811042f-f9dd-43b0-a302-b886ba6b5791', 5, '0cb4a172-4954-45d7-a0b9-388985331e85', '项目投资报告', '项目投资报告', 0, '{\"sections\":[{\"type\":\"text\",\"tag\":\"h1\",\"text\":\"项目投资报告\"},{\"type\":\"grid\",\"row\":\"7\",\"col\":\"5\",\"merge\":[{\"startId\":\"0-1\",\"minRow\":0,\"minCol\":1,\"maxRow\":0,\"maxCol\":2},{\"startId\":\"0-3\",\"minRow\":0,\"minCol\":3,\"maxRow\":0,\"maxCol\":4},{\"startId\":\"1-3\",\"minRow\":1,\"minCol\":3,\"maxRow\":1,\"maxCol\":4},{\"startId\":\"2-1\",\"minRow\":2,\"minCol\":1,\"maxRow\":2,\"maxCol\":4},{\"startId\":\"3-1\",\"minRow\":3,\"minCol\":1,\"maxRow\":3,\"maxCol\":4},{\"startId\":\"4-1\",\"minRow\":4,\"minCol\":1,\"maxRow\":4,\"maxCol\":4},{\"startId\":\"6-1\",\"minRow\":6,\"minCol\":1,\"maxRow\":6,\"maxCol\":4}],\"fields\":[{\"type\":\"label\",\"row\":0,\"col\":0,\"align\":\"undefined\",\"color\":\"undefined\",\"text\":\"项目简称：\"},{\"type\":\"label\",\"row\":1,\"col\":0,\"align\":\"undefined\",\"color\":\"undefined\",\"text\":\"项目类型：\"},{\"type\":\"label\",\"row\":2,\"col\":0,\"align\":\"undefined\",\"color\":\"undefined\",\"text\":\"项目成员：\"},{\"type\":\"label\",\"row\":3,\"col\":0,\"align\":\"undefined\",\"color\":\"undefined\",\"text\":\"项目内容：\"},{\"type\":\"label\",\"row\":4,\"col\":0,\"align\":\"undefined\",\"color\":\"undefined\",\"text\":\"项目来源：\"},{\"type\":\"label\",\"row\":5,\"col\":0,\"align\":\"undefined\",\"color\":\"undefined\",\"text\":\"项目预计(起始)周期：\"},{\"type\":\"label\",\"row\":6,\"col\":0,\"align\":\"undefined\",\"color\":\"undefined\",\"text\":\"预计工时费用(千元)：\"},{\"type\":\"select\",\"row\":1,\"col\":1,\"name\":\"xf_f_ywpz\",\"alias\":\"项目类型-业务品种\",\"items\":\"\",\"dic\":\"cfg_yewupinzhong\",\"required\":false,\"readOnly\":false,\"reportFlag\":false},{\"type\":\"select\",\"row\":1,\"col\":2,\"name\":\"xf_f_cdjs\",\"alias\":\"项目类型-承担角色\",\"items\":\"\",\"dic\":\"cfg_chengdanjuese\",\"required\":false,\"readOnly\":false,\"reportFlag\":false},{\"type\":\"proselection\",\"row\":0,\"col\":1,\"name\":\"xf_f_xmjc\",\"alias\":\"项目简称\",\"items\":\"\",\"dic\":\"\",\"required\":false,\"readOnly\":false,\"reportFlag\":false},{\"type\":\"textarea\",\"row\":3,\"col\":1,\"name\":\"xf_f_xmnr\",\"alias\":\"项目内容\",\"required\":false,\"readOnly\":false,\"reportFlag\":false},{\"type\":\"userselection\",\"row\":2,\"col\":1,\"required\":false,\"readOnly\":false,\"reportFlag\":false,\"name\":\"xf_f_xmcy\",\"alias\":\"项目成员\",\"collections\":[{\"type\":\"select\",\"name\":\"xf_f_xmcy~xf_f_us_r~@0\"},{\"type\":\"userpicker\",\"name\":\"xf_f_xmcy~xf_f_us_u~@1\"}]},{\"type\":\"textfield\",\"row\":4,\"col\":1,\"name\":\"xf_f_xmly\",\"alias\":\"项目来源\",\"required\":false,\"readOnly\":false,\"reportFlag\":false},{\"type\":\"datepicker\",\"row\":5,\"col\":1,\"name\":\"xf_f_xmyjqszq\",\"alias\":\"项目预计(起始)周期\",\"required\":false,\"readOnly\":false,\"reportFlag\":false},{\"type\":\"datepicker\",\"row\":5,\"col\":2,\"name\":\"xf_f_xmyjjszq\",\"alias\":\"项目预计(结束)周期\",\"required\":false,\"readOnly\":false,\"reportFlag\":false},{\"type\":\"numberbox\",\"row\":6,\"col\":1,\"name\":\"xf_f_yjgsfy\",\"alias\":\"预计工时费用(千元)\",\"minVal\":0,\"maxVal\":9999999999,\"precision\":2,\"required\":false,\"readOnly\":false,\"reportFlag\":false},{\"type\":\"numberbox\",\"row\":5,\"col\":4,\"name\":\"xf_f_yjzjfy\",\"alias\":\"预计直接费用(千元)\",\"minVal\":0,\"maxVal\":9999999999,\"precision\":2,\"required\":false,\"readOnly\":false,\"reportFlag\":false},{\"type\":\"label\",\"row\":5,\"col\":3,\"align\":\"undefined\",\"color\":\"undefined\",\"text\":\"预计直接费用(千元)：\"}]}]}', '{xmjc#ZM}-{yy}', 'sino-{yyyy-MM-dd}', '', 'admin', '2015-3-24 22:07:01', 'admin', '2015-4-18 17:14:36', '/dynamicForm/form/flow-input-form.html', NULL, 'dynamicFormAdapter', 'T', '', 'A1总经理会事宜报告模版', 'T');
INSERT INTO `t_form_template` (`ID`, `SEQUENCE`, `TYPE_ID`, `NAME`, `DESCRIPTION`, `STATUS`, `CONTENT`, `DOC_NO_RULE`, `REP_NO_RULE`, `PRO_NAME_RULE`, `CREATE_USER`, `CREATE_DATE`, `UPDATE_USER`, `UPDATE_DATE`, `VIEW_URL`, `ATTACHMENT`, `HANDLE_CLASS`, `DYNAMIC_FORM`, `PROJECTFLAG`, `PROCESS_NAME`, `EXPORT_FLAG`) VALUES ('ab0f1e20-21a7-4bf8-9e3e-66741fb9a6f0', 9, '0cb4a172-4954-45d7-a0b9-388985331e85', '其他事宜报告', '其他事宜报告', 0, '{\"sections\":[{\"type\":\"text\",\"tag\":\"h1\",\"text\":\"其他事宜报告\"},{\"type\":\"grid\",\"row\":\"7\",\"col\":\"5\",\"merge\":[{\"startId\":\"0-1\",\"minRow\":0,\"minCol\":1,\"maxRow\":0,\"maxCol\":2},{\"startId\":\"0-3\",\"minRow\":0,\"minCol\":3,\"maxRow\":0,\"maxCol\":4},{\"startId\":\"1-3\",\"minRow\":1,\"minCol\":3,\"maxRow\":1,\"maxCol\":4},{\"startId\":\"2-1\",\"minRow\":2,\"minCol\":1,\"maxRow\":2,\"maxCol\":4},{\"startId\":\"3-1\",\"minRow\":3,\"minCol\":1,\"maxRow\":3,\"maxCol\":4},{\"startId\":\"4-1\",\"minRow\":4,\"minCol\":1,\"maxRow\":4,\"maxCol\":4},{\"startId\":\"6-1\",\"minRow\":6,\"minCol\":1,\"maxRow\":6,\"maxCol\":4}],\"fields\":[{\"type\":\"label\",\"row\":0,\"col\":0,\"align\":\"undefined\",\"color\":\"undefined\",\"text\":\"项目简称：\"},{\"type\":\"label\",\"row\":1,\"col\":0,\"align\":\"undefined\",\"color\":\"undefined\",\"text\":\"项目类型：\"},{\"type\":\"label\",\"row\":2,\"col\":0,\"align\":\"undefined\",\"color\":\"undefined\",\"text\":\"项目成员：\"},{\"type\":\"label\",\"row\":3,\"col\":0,\"align\":\"undefined\",\"color\":\"undefined\",\"text\":\"项目内容：\"},{\"type\":\"label\",\"row\":4,\"col\":0,\"align\":\"undefined\",\"color\":\"undefined\",\"text\":\"项目来源：\"},{\"type\":\"label\",\"row\":5,\"col\":0,\"align\":\"undefined\",\"color\":\"undefined\",\"text\":\"项目预计(起始)周期：\"},{\"type\":\"label\",\"row\":6,\"col\":0,\"align\":\"undefined\",\"color\":\"undefined\",\"text\":\"预计工时费用(千元)：\"},{\"type\":\"select\",\"row\":1,\"col\":1,\"name\":\"xf_f_ywpz\",\"alias\":\"项目类型-业务品种\",\"items\":\"\",\"dic\":\"cfg_yewupinzhong\",\"required\":false,\"readOnly\":false,\"reportFlag\":false},{\"type\":\"select\",\"row\":1,\"col\":2,\"name\":\"xf_f_cdjs\",\"alias\":\"项目类型-承担角色\",\"items\":\"\",\"dic\":\"cfg_chengdanjuese\",\"required\":false,\"readOnly\":false,\"reportFlag\":false},{\"type\":\"proselection\",\"row\":0,\"col\":1,\"name\":\"xf_f_xmjc\",\"alias\":\"项目简称\",\"items\":\"\",\"dic\":\"\",\"required\":false,\"readOnly\":false,\"reportFlag\":false},{\"type\":\"textarea\",\"row\":3,\"col\":1,\"name\":\"xf_f_xmnr\",\"alias\":\"项目内容\",\"required\":false,\"readOnly\":false,\"reportFlag\":false},{\"type\":\"userselection\",\"row\":2,\"col\":1,\"required\":false,\"readOnly\":false,\"reportFlag\":false,\"name\":\"xf_f_xmcy\",\"alias\":\"项目成员\",\"collections\":[{\"type\":\"select\",\"name\":\"xf_f_xmcy~xf_f_us_r~@0\"},{\"type\":\"userpicker\",\"name\":\"xf_f_xmcy~xf_f_us_u~@1\"}]},{\"type\":\"textfield\",\"row\":4,\"col\":1,\"name\":\"xf_f_xmly\",\"alias\":\"项目来源\",\"required\":false,\"readOnly\":false,\"reportFlag\":false},{\"type\":\"datepicker\",\"row\":5,\"col\":1,\"name\":\"xf_f_xmyjqszq\",\"alias\":\"项目预计(起始)周期\",\"required\":false,\"readOnly\":false,\"reportFlag\":false},{\"type\":\"datepicker\",\"row\":5,\"col\":2,\"name\":\"xf_f_xmyjjszq\",\"alias\":\"项目预计(结束)周期\",\"required\":false,\"readOnly\":false,\"reportFlag\":false},{\"type\":\"numberbox\",\"row\":6,\"col\":1,\"name\":\"xf_f_yjgsfy\",\"alias\":\"预计工时费用(千元)\",\"minVal\":0,\"maxVal\":9999999999,\"precision\":2,\"required\":false,\"readOnly\":false,\"reportFlag\":false},{\"type\":\"numberbox\",\"row\":5,\"col\":4,\"name\":\"xf_f_yjzjfy\",\"alias\":\"预计直接费用(千元)\",\"minVal\":0,\"maxVal\":9999999999,\"precision\":2,\"required\":false,\"readOnly\":false,\"reportFlag\":false},{\"type\":\"label\",\"row\":5,\"col\":3,\"align\":\"undefined\",\"color\":\"undefined\",\"text\":\"预计直接费用(千元)：\"}]}]}', '{xmjc#ZM}-{yy}', 'sino-{yyyy-MM-dd}', '', 'admin', '2015-3-24 22:11:59', 'admin', '2015-4-18 17:16:56', '/dynamicForm/form/flow-input-form.html', NULL, 'dynamicFormAdapter', 'T', '', 'A1总经理会事宜报告模版', 'T');
INSERT INTO `t_form_template` (`ID`, `SEQUENCE`, `TYPE_ID`, `NAME`, `DESCRIPTION`, `STATUS`, `CONTENT`, `DOC_NO_RULE`, `REP_NO_RULE`, `PRO_NAME_RULE`, `CREATE_USER`, `CREATE_DATE`, `UPDATE_USER`, `UPDATE_DATE`, `VIEW_URL`, `ATTACHMENT`, `HANDLE_CLASS`, `DYNAMIC_FORM`, `PROJECTFLAG`, `PROCESS_NAME`, `EXPORT_FLAG`) VALUES ('aef9fe9d-ec7b-42b6-a9ad-15476f42c5c0', 1, '4c7aa8bf-43f2-4361-95c4-ff424bede6fa', '工时周报填制', '工时周报填制', 0, '{\"sections\":[{\"type\":\"text\",\"tag\":\"h1\",\"text\":\"工时周报填制\"},{\"type\":\"grid\",\"row\":\"2\",\"col\":\"4\",\"merge\":[],\"fields\":[]}]}', 'sino-{yyyy-MM-dd}', 'sino-{yyyy-MM-dd}', '', 'admin', '2015-3-24 22:30:04', 'admin', '2015-4-18 22:20:35', '/fixedForm/form/flow-input-form2.html', NULL, 'dynamicFormAdapter', 'T', '', 'A1总经理会事宜报告模版', 'T');
INSERT INTO `t_form_template` (`ID`, `SEQUENCE`, `TYPE_ID`, `NAME`, `DESCRIPTION`, `STATUS`, `CONTENT`, `DOC_NO_RULE`, `REP_NO_RULE`, `PRO_NAME_RULE`, `CREATE_USER`, `CREATE_DATE`, `UPDATE_USER`, `UPDATE_DATE`, `VIEW_URL`, `ATTACHMENT`, `HANDLE_CLASS`, `DYNAMIC_FORM`, `PROJECTFLAG`, `PROCESS_NAME`, `EXPORT_FLAG`) VALUES ('aff4e75c-0043-48b6-9f9d-f9373e32d439', 2, '778c99a5-f066-4270-977e-2e2153f03aa0', '招待费用报销单据', '招待费用报销单据', 0, '{\"sections\":[{\"type\":\"text\",\"tag\":\"h1\",\"text\":\"招待费用报销单据\"},{\"type\":\"grid\",\"row\":\"7\",\"col\":\"10\",\"merge\":[{\"startId\":\"1-1\",\"minRow\":1,\"minCol\":1,\"maxRow\":1,\"maxCol\":2},{\"startId\":\"1-4\",\"minRow\":1,\"minCol\":4,\"maxRow\":1,\"maxCol\":5},{\"startId\":\"1-7\",\"minRow\":1,\"minCol\":7,\"maxRow\":1,\"maxCol\":9},{\"startId\":\"2-1\",\"minRow\":2,\"minCol\":1,\"maxRow\":2,\"maxCol\":2},{\"startId\":\"3-1\",\"minRow\":3,\"minCol\":1,\"maxRow\":3,\"maxCol\":2},{\"startId\":\"2-4\",\"minRow\":2,\"minCol\":4,\"maxRow\":2,\"maxCol\":5},{\"startId\":\"3-4\",\"minRow\":3,\"minCol\":4,\"maxRow\":3,\"maxCol\":5},{\"startId\":\"2-7\",\"minRow\":2,\"minCol\":7,\"maxRow\":2,\"maxCol\":9},{\"startId\":\"3-7\",\"minRow\":3,\"minCol\":7,\"maxRow\":3,\"maxCol\":9},{\"startId\":\"4-1\",\"minRow\":4,\"minCol\":1,\"maxRow\":4,\"maxCol\":9},{\"startId\":\"5-1\",\"minRow\":5,\"minCol\":1,\"maxRow\":5,\"maxCol\":9},{\"startId\":\"0-4\",\"minRow\":0,\"minCol\":4,\"maxRow\":0,\"maxCol\":9},{\"startId\":\"0-1\",\"minRow\":0,\"minCol\":1,\"maxRow\":0,\"maxCol\":2}],\"fields\":[{\"type\":\"label\",\"row\":0,\"col\":0,\"align\":\"center\",\"color\":\"black\",\"text\":\"费用承担项目\"},{\"type\":\"proselection\",\"row\":0,\"col\":1,\"name\":\"xf_f_proselection-0-1\",\"alias\":\"proselection-0-1\",\"items\":\"\",\"dic\":\"\",\"required\":false,\"readOnly\":false,\"reportFlag\":false},{\"type\":\"label\",\"row\":1,\"col\":0,\"align\":\"center\",\"color\":\"black\",\"text\":\"收款人\"},{\"type\":\"label\",\"row\":2,\"col\":0,\"align\":\"center\",\"color\":\"black\",\"text\":\"时间\"},{\"type\":\"label\",\"row\":3,\"col\":0,\"align\":\"center\",\"color\":\"black\",\"text\":\"活动费用\"},{\"type\":\"label\",\"row\":4,\"col\":0,\"align\":\"center\",\"color\":\"black\",\"text\":\"合计\"},{\"type\":\"textfield\",\"row\":1,\"col\":1,\"name\":\"xf_f_skr\",\"alias\":\"textfield-1-2\",\"required\":false,\"readOnly\":false,\"reportFlag\":false},{\"type\":\"datepicker\",\"row\":2,\"col\":1,\"name\":\"xf_f_datepicker-2-1\",\"alias\":\"datepicker-2-1\",\"required\":false,\"readOnly\":false,\"reportFlag\":false},{\"type\":\"numberbox\",\"row\":3,\"col\":1,\"name\":\"xf_f_hdfy\",\"alias\":\"numberbox-3-1\",\"minVal\":0,\"maxVal\":9999999999,\"precision\":2,\"required\":false,\"readOnly\":false,\"reportFlag\":false},{\"type\":\"calculator\",\"row\":4,\"col\":1,\"name\":\"xf_f_heji\",\"alias\":\"calculator-4-1\",\"resources\":\"#hdfy#+#lpfy#+#canfei#\",\"dataType\":\"number\",\"required\":false,\"readOnly\":true,\"reportFlag\":false},{\"type\":\"label\",\"row\":5,\"col\":0,\"align\":\"center\",\"color\":\"black\",\"text\":\"总计金额(大写)\"},{\"type\":\"upperdigit\",\"row\":5,\"col\":1,\"name\":\"xf_f_upperdigit-5-1\",\"alias\":\"upperdigit-5-1\",\"resources\":\"#heji#\",\"required\":false,\"readOnly\":true,\"reportFlag\":false},{\"type\":\"label\",\"row\":6,\"col\":0,\"align\":\"center\",\"color\":\"black\",\"text\":\"复核\"},{\"type\":\"label\",\"row\":6,\"col\":2,\"align\":\"center\",\"color\":\"black\",\"text\":\"财务\"},{\"type\":\"label\",\"row\":6,\"col\":4,\"align\":\"center\",\"color\":\"black\",\"text\":\"审核\"},{\"type\":\"label\",\"row\":6,\"col\":6,\"align\":\"center\",\"color\":\"black\",\"text\":\"报销\"},{\"type\":\"label\",\"row\":6,\"col\":8,\"align\":\"center\",\"color\":\"black\",\"text\":\"领款\"},{\"type\":\"select\",\"row\":1,\"col\":8,\"name\":\"xf_f_select-1-5\",\"alias\":\"select-1-5\",\"items\":\"\",\"dic\":\"\",\"required\":false,\"readOnly\":false,\"reportFlag\":false},{\"type\":\"textfield\",\"row\":1,\"col\":5,\"name\":\"xf_f_textfield-1-3\",\"alias\":\"textfield-1-3\",\"required\":false,\"readOnly\":false,\"reportFlag\":false},{\"type\":\"label\",\"row\":1,\"col\":3,\"align\":\"center\",\"color\":\"black\",\"text\":\"收款帐号\"},{\"type\":\"textfield\",\"row\":1,\"col\":4,\"name\":\"xf_f_skzh\",\"alias\":\"textfield-1-4\",\"required\":false,\"readOnly\":false,\"reportFlag\":false},{\"type\":\"label\",\"row\":1,\"col\":6,\"align\":\"center\",\"color\":\"black\",\"text\":\"职级\"},{\"type\":\"select\",\"row\":1,\"col\":7,\"name\":\"xf_f_zhiji\",\"alias\":\"select-1-7\",\"items\":\"\",\"dic\":\"cfg_zhuanshujibie\",\"required\":false,\"readOnly\":false,\"reportFlag\":false},{\"type\":\"numberbox\",\"row\":2,\"col\":7,\"name\":\"xf_f_zdrs\",\"alias\":\"numberbox-2-5\",\"minVal\":0,\"maxVal\":9999999999,\"precision\":0,\"required\":false,\"readOnly\":false,\"reportFlag\":false},{\"type\":\"label\",\"row\":2,\"col\":6,\"align\":\"center\",\"color\":\"black\",\"text\":\"招待人数\"},{\"type\":\"textfield\",\"row\":2,\"col\":4,\"name\":\"xf_f_zddx\",\"alias\":\"textfield-2-3\",\"required\":false,\"readOnly\":false,\"reportFlag\":false},{\"type\":\"label\",\"row\":2,\"col\":3,\"align\":\"center\",\"color\":\"black\",\"text\":\"招待对象\"},{\"type\":\"numberbox\",\"row\":3,\"col\":7,\"name\":\"xf_f_canfei\",\"alias\":\"numberbox-3-5\",\"minVal\":0,\"maxVal\":9999999999,\"precision\":2,\"required\":false,\"readOnly\":false,\"reportFlag\":false},{\"type\":\"label\",\"row\":3,\"col\":6,\"align\":\"center\",\"color\":\"black\",\"text\":\"餐费\"},{\"type\":\"numberbox\",\"row\":3,\"col\":4,\"name\":\"xf_f_lpfy\",\"alias\":\"numberbox-3-3\",\"minVal\":0,\"maxVal\":9999999999,\"precision\":2,\"required\":false,\"readOnly\":false,\"reportFlag\":false},{\"type\":\"label\",\"row\":3,\"col\":3,\"align\":\"center\",\"color\":\"black\",\"text\":\"礼品费用\"},{\"type\":\"textfield\",\"row\":0,\"col\":4,\"name\":\"xf_f_fixedName_xmjl\",\"alias\":\"textfield-0-3\",\"required\":false,\"readOnly\":true,\"reportFlag\":false},{\"type\":\"label\",\"row\":0,\"col\":3,\"align\":\"center\",\"color\":\"black\",\"text\":\"项目经理\"}]}]}', 'sino-{yyyy-MM-dd}', 'sino-{yyyy-MM-dd}', '', 'admin', '2015-3-25 13:49:48', 'admin', '2015-4-25 12:14:50', '/dynamicForm/form/flow-input-form.html', NULL, 'dynamicFormAdapter', 'F', '', 'A1总经理会事宜报告模版', 'T');
INSERT INTO `t_form_template` (`ID`, `SEQUENCE`, `TYPE_ID`, `NAME`, `DESCRIPTION`, `STATUS`, `CONTENT`, `DOC_NO_RULE`, `REP_NO_RULE`, `PRO_NAME_RULE`, `CREATE_USER`, `CREATE_DATE`, `UPDATE_USER`, `UPDATE_DATE`, `VIEW_URL`, `ATTACHMENT`, `HANDLE_CLASS`, `DYNAMIC_FORM`, `PROJECTFLAG`, `PROCESS_NAME`, `EXPORT_FLAG`) VALUES ('b0a84bba-53cb-4757-8d64-2a43dbdb0ad4', 8, '0cb4a172-4954-45d7-a0b9-388985331e85', '业务协议报告', '业务协议报告', 0, '{\"sections\":[{\"type\":\"text\",\"tag\":\"h1\",\"text\":\"业务协议报告\"},{\"type\":\"grid\",\"row\":\"9\",\"col\":\"5\",\"merge\":[{\"startId\":\"0-1\",\"minRow\":0,\"minCol\":1,\"maxRow\":0,\"maxCol\":2},{\"startId\":\"0-3\",\"minRow\":0,\"minCol\":3,\"maxRow\":0,\"maxCol\":4},{\"startId\":\"1-3\",\"minRow\":1,\"minCol\":3,\"maxRow\":1,\"maxCol\":4},{\"startId\":\"2-1\",\"minRow\":2,\"minCol\":1,\"maxRow\":2,\"maxCol\":4},{\"startId\":\"3-1\",\"minRow\":3,\"minCol\":1,\"maxRow\":3,\"maxCol\":4},{\"startId\":\"4-1\",\"minRow\":4,\"minCol\":1,\"maxRow\":4,\"maxCol\":4},{\"startId\":\"6-1\",\"minRow\":6,\"minCol\":1,\"maxRow\":6,\"maxCol\":4},{\"startId\":\"7-1\",\"minRow\":7,\"minCol\":1,\"maxRow\":7,\"maxCol\":2},{\"startId\":\"8-1\",\"minRow\":8,\"minCol\":1,\"maxRow\":8,\"maxCol\":4}],\"fields\":[{\"type\":\"label\",\"row\":0,\"col\":0,\"align\":\"undefined\",\"color\":\"undefined\",\"text\":\"项目简称：\"},{\"type\":\"label\",\"row\":1,\"col\":0,\"align\":\"undefined\",\"color\":\"undefined\",\"text\":\"项目类型：\"},{\"type\":\"label\",\"row\":2,\"col\":0,\"align\":\"undefined\",\"color\":\"undefined\",\"text\":\"项目成员：\"},{\"type\":\"label\",\"row\":3,\"col\":0,\"align\":\"undefined\",\"color\":\"undefined\",\"text\":\"项目内容：\"},{\"type\":\"label\",\"row\":4,\"col\":0,\"align\":\"undefined\",\"color\":\"undefined\",\"text\":\"项目来源：\"},{\"type\":\"label\",\"row\":5,\"col\":0,\"align\":\"undefined\",\"color\":\"undefined\",\"text\":\"项目预计(起始)周期：\"},{\"type\":\"label\",\"row\":6,\"col\":0,\"align\":\"undefined\",\"color\":\"undefined\",\"text\":\"预计工时费用(千元)：\"},{\"type\":\"select\",\"row\":1,\"col\":1,\"name\":\"xf_f_ywpz\",\"alias\":\"项目类型-业务品种\",\"items\":\"\",\"dic\":\"cfg_yewupinzhong\",\"required\":false,\"readOnly\":false,\"reportFlag\":false},{\"type\":\"select\",\"row\":1,\"col\":2,\"name\":\"xf_f_cdjs\",\"alias\":\"项目类型-承担角色\",\"items\":\"\",\"dic\":\"cfg_chengdanjuese\",\"required\":false,\"readOnly\":false,\"reportFlag\":false},{\"type\":\"proselection\",\"row\":0,\"col\":1,\"name\":\"xf_f_xmjc\",\"alias\":\"项目简称\",\"items\":\"\",\"dic\":\"\",\"required\":false,\"readOnly\":false,\"reportFlag\":false},{\"type\":\"textarea\",\"row\":3,\"col\":1,\"name\":\"xf_f_xmnr\",\"alias\":\"项目内容\",\"required\":false,\"readOnly\":false,\"reportFlag\":false},{\"type\":\"userselection\",\"row\":2,\"col\":1,\"required\":false,\"readOnly\":false,\"reportFlag\":false,\"name\":\"xf_f_xmcy\",\"alias\":\"项目成员\",\"collections\":[{\"type\":\"select\",\"name\":\"xf_f_xmcy~xf_f_us_r~@0\"},{\"type\":\"userpicker\",\"name\":\"xf_f_xmcy~xf_f_us_u~@1\"}]},{\"type\":\"textfield\",\"row\":4,\"col\":1,\"name\":\"xf_f_xmly\",\"alias\":\"项目来源\",\"required\":false,\"readOnly\":false,\"reportFlag\":false},{\"type\":\"datepicker\",\"row\":5,\"col\":1,\"name\":\"xf_f_xmyjqszq\",\"alias\":\"项目预计(起始)周期\",\"required\":false,\"readOnly\":false,\"reportFlag\":false},{\"type\":\"datepicker\",\"row\":5,\"col\":2,\"name\":\"xf_f_xmyjjszq\",\"alias\":\"项目预计(结束)周期\",\"required\":false,\"readOnly\":false,\"reportFlag\":false},{\"type\":\"numberbox\",\"row\":6,\"col\":1,\"name\":\"xf_f_yjgsfy\",\"alias\":\"预计工时费用(千元)\",\"minVal\":0,\"maxVal\":9999999999,\"precision\":2,\"required\":false,\"readOnly\":false,\"reportFlag\":false},{\"type\":\"numberbox\",\"row\":5,\"col\":4,\"name\":\"xf_f_yjzjfy\",\"alias\":\"预计直接费用(千元)\",\"minVal\":0,\"maxVal\":9999999999,\"precision\":2,\"required\":false,\"readOnly\":false,\"reportFlag\":false},{\"type\":\"label\",\"row\":5,\"col\":3,\"align\":\"undefined\",\"color\":\"undefined\",\"text\":\"预计直接费用(千元)：\"},{\"type\":\"label\",\"row\":7,\"col\":0,\"align\":\"undefined\",\"color\":\"undefined\",\"text\":\"协议金额：\"},{\"type\":\"label\",\"row\":8,\"col\":0,\"align\":\"undefined\",\"color\":\"undefined\",\"text\":\"支付方式：\"},{\"type\":\"label\",\"row\":7,\"col\":3,\"align\":\"undefined\",\"color\":\"undefined\",\"text\":\"费用性质：\"},{\"type\":\"numberbox\",\"row\":7,\"col\":1,\"name\":\"xf_f_xyje\",\"alias\":\"协议金额\",\"minVal\":0,\"maxVal\":9999999999,\"precision\":2,\"required\":false,\"readOnly\":false,\"reportFlag\":false},{\"type\":\"select\",\"row\":7,\"col\":4,\"name\":\"xf_f_fyxz\",\"alias\":\"费用性质\",\"items\":\"\",\"dic\":\"cfg_feiyongxingzhi\",\"required\":false,\"readOnly\":false,\"reportFlag\":false},{\"type\":\"textarea\",\"row\":8,\"col\":1,\"name\":\"xf_f_zffs\",\"alias\":\"支付方式\",\"required\":false,\"readOnly\":false,\"reportFlag\":false}]}]}', '{xmjc#ZM}-{yy}', 'sino-{yyyy-MM-dd}', '', 'admin', '2015-3-24 22:14:49', 'admin', '2015-4-18 17:15:13', '/dynamicForm/form/flow-input-form.html', NULL, 'dynamicFormAdapter', 'T', '', 'A1总经理会事宜报告模版', 'T');
INSERT INTO `t_form_template` (`ID`, `SEQUENCE`, `TYPE_ID`, `NAME`, `DESCRIPTION`, `STATUS`, `CONTENT`, `DOC_NO_RULE`, `REP_NO_RULE`, `PRO_NAME_RULE`, `CREATE_USER`, `CREATE_DATE`, `UPDATE_USER`, `UPDATE_DATE`, `VIEW_URL`, `ATTACHMENT`, `HANDLE_CLASS`, `DYNAMIC_FORM`, `PROJECTFLAG`, `PROCESS_NAME`, `EXPORT_FLAG`) VALUES ('bc498d74-be16-44b0-8c5a-5d2c3e4e67d3', 3, '1242a7fb-f131-4daf-9116-2dc92529504d', '基金合伙人会议', '基金合伙人会议', 0, '{\"sections\":[{\"type\":\"text\",\"tag\":\"h1\",\"text\":\"基金合伙人会议\"},{\"type\":\"grid\",\"row\":\"7\",\"col\":\"5\",\"merge\":[{\"startId\":\"0-1\",\"minRow\":0,\"minCol\":1,\"maxRow\":0,\"maxCol\":2},{\"startId\":\"0-3\",\"minRow\":0,\"minCol\":3,\"maxRow\":0,\"maxCol\":4},{\"startId\":\"1-3\",\"minRow\":1,\"minCol\":3,\"maxRow\":1,\"maxCol\":4},{\"startId\":\"2-1\",\"minRow\":2,\"minCol\":1,\"maxRow\":2,\"maxCol\":4},{\"startId\":\"3-1\",\"minRow\":3,\"minCol\":1,\"maxRow\":3,\"maxCol\":4},{\"startId\":\"4-1\",\"minRow\":4,\"minCol\":1,\"maxRow\":4,\"maxCol\":4},{\"startId\":\"6-1\",\"minRow\":6,\"minCol\":1,\"maxRow\":6,\"maxCol\":4}],\"fields\":[{\"type\":\"label\",\"row\":0,\"col\":0,\"align\":\"undefined\",\"color\":\"undefined\",\"text\":\"项目简称：\"},{\"type\":\"label\",\"row\":1,\"col\":0,\"align\":\"undefined\",\"color\":\"undefined\",\"text\":\"项目类型：\"},{\"type\":\"label\",\"row\":2,\"col\":0,\"align\":\"undefined\",\"color\":\"undefined\",\"text\":\"项目成员：\"},{\"type\":\"label\",\"row\":3,\"col\":0,\"align\":\"undefined\",\"color\":\"undefined\",\"text\":\"项目内容：\"},{\"type\":\"label\",\"row\":4,\"col\":0,\"align\":\"undefined\",\"color\":\"undefined\",\"text\":\"项目来源：\"},{\"type\":\"label\",\"row\":5,\"col\":0,\"align\":\"undefined\",\"color\":\"undefined\",\"text\":\"项目预计(起始)周期：\"},{\"type\":\"label\",\"row\":6,\"col\":0,\"align\":\"undefined\",\"color\":\"undefined\",\"text\":\"预计工时费用(千元)：\"},{\"type\":\"select\",\"row\":1,\"col\":1,\"name\":\"xf_f_zddx\",\"alias\":\"项目类型-业务品种\",\"items\":\"\",\"dic\":\"zhaodaiduixiang\",\"required\":false,\"readOnly\":false,\"reportFlag\":false},{\"type\":\"select\",\"row\":1,\"col\":2,\"name\":\"xf_f_ywpz\",\"alias\":\"项目类型-承担角色\",\"items\":\"\",\"dic\":\"cfg_yewupinzhong\",\"required\":false,\"readOnly\":false,\"reportFlag\":false},{\"type\":\"proselection\",\"row\":0,\"col\":1,\"name\":\"xf_f_xmjc\",\"alias\":\"项目简称\",\"items\":\"\",\"dic\":\"\",\"required\":false,\"readOnly\":false,\"reportFlag\":false},{\"type\":\"textarea\",\"row\":3,\"col\":1,\"name\":\"xf_f_xmnr\",\"alias\":\"项目内容\",\"required\":false,\"readOnly\":false,\"reportFlag\":false},{\"type\":\"userselection\",\"row\":2,\"col\":1,\"required\":false,\"readOnly\":false,\"reportFlag\":false,\"name\":\"xf_f_xmcy\",\"alias\":\"项目成员\",\"collections\":[{\"type\":\"select\",\"name\":\"xf_f_xmcy~xf_f_us_r~@0\"},{\"type\":\"userpicker\",\"name\":\"xf_f_xmcy~xf_f_us_u~@1\"}]},{\"type\":\"textfield\",\"row\":4,\"col\":1,\"name\":\"xf_f_xmly\",\"alias\":\"项目来源\",\"required\":false,\"readOnly\":false,\"reportFlag\":false},{\"type\":\"datepicker\",\"row\":5,\"col\":1,\"name\":\"xf_f_xmyjqszq\",\"alias\":\"项目预计(起始)周期\",\"required\":false,\"readOnly\":false,\"reportFlag\":false},{\"type\":\"datepicker\",\"row\":5,\"col\":2,\"name\":\"xf_f_xmyjjszq\",\"alias\":\"项目预计(结束)周期\",\"required\":false,\"readOnly\":false,\"reportFlag\":false},{\"type\":\"numberbox\",\"row\":6,\"col\":1,\"name\":\"xf_f_yjgsfy\",\"alias\":\"预计工时费用(千元)\",\"minVal\":0,\"maxVal\":9999999999,\"precision\":2,\"required\":false,\"readOnly\":false,\"reportFlag\":false},{\"type\":\"numberbox\",\"row\":5,\"col\":4,\"name\":\"xf_f_yjzjfy\",\"alias\":\"预计直接费用(千元)\",\"minVal\":0,\"maxVal\":9999999999,\"precision\":2,\"required\":false,\"readOnly\":false,\"reportFlag\":false},{\"type\":\"label\",\"row\":5,\"col\":3,\"align\":\"undefined\",\"color\":\"undefined\",\"text\":\"预计直接费用(千元)：\"}]}]}', 'sino-{yyyy-MM-dd}', 'sino-{yyyy-MM-dd}', '', 'admin', '2015-3-24 22:27:12', 'admin', '2015-4-18 18:07:47', '/dynamicForm/form/flow-input-form.html', NULL, 'dynamicFormAdapter', 'T', '', 'A1总经理会事宜报告模版', 'T');
INSERT INTO `t_form_template` (`ID`, `SEQUENCE`, `TYPE_ID`, `NAME`, `DESCRIPTION`, `STATUS`, `CONTENT`, `DOC_NO_RULE`, `REP_NO_RULE`, `PRO_NAME_RULE`, `CREATE_USER`, `CREATE_DATE`, `UPDATE_USER`, `UPDATE_DATE`, `VIEW_URL`, `ATTACHMENT`, `HANDLE_CLASS`, `DYNAMIC_FORM`, `PROJECTFLAG`, `PROCESS_NAME`, `EXPORT_FLAG`) VALUES ('be5da890-ed64-4521-95e2-4b16094472eb', 6, '1783377b-36a5-4024-bef8-d2fbfb0e5dfb', '自设流程事宜报告', '自设流程事宜报告', 0, '{\"sections\":[{\"type\":\"text\",\"tag\":\"h1\",\"text\":\"自设流程事宜报告\"},{\"type\":\"grid\",\"row\":\"2\",\"col\":\"6\",\"merge\":[{\"startId\":\"0-0\",\"minRow\":0,\"minCol\":0,\"maxRow\":1,\"maxCol\":5}],\"fields\":[]}]}', 'sino-{yyyy-MM-dd}', 'sino-{yyyy-MM-dd}', 'sino-{yyyy-MM-dd}', 'admin', '2015-3-21 18:08:20', 'admin', '2015-4-18 22:24:26', '/dynamicForm/form/flow-input-form.html', NULL, 'dynamicFormAdapter', 'T', '', 'A1总经理会事宜报告模版', 'T');
INSERT INTO `t_form_template` (`ID`, `SEQUENCE`, `TYPE_ID`, `NAME`, `DESCRIPTION`, `STATUS`, `CONTENT`, `DOC_NO_RULE`, `REP_NO_RULE`, `PRO_NAME_RULE`, `CREATE_USER`, `CREATE_DATE`, `UPDATE_USER`, `UPDATE_DATE`, `VIEW_URL`, `ATTACHMENT`, `HANDLE_CLASS`, `DYNAMIC_FORM`, `PROJECTFLAG`, `PROCESS_NAME`, `EXPORT_FLAG`) VALUES ('d7b357d4-5f7c-458c-b822-2693524eea79', 2, '0cb4a172-4954-45d7-a0b9-388985331e85', '项目立项报告', '项目立项报告', 0, '{\"sections\":[{\"type\":\"text\",\"tag\":\"h1\",\"text\":\"项目立项报告\"},{\"type\":\"grid\",\"row\":\"18\",\"col\":\"5\",\"merge\":[{\"startId\":\"0-3\",\"minRow\":0,\"minCol\":3,\"maxRow\":0,\"maxCol\":4},{\"startId\":\"13-1\",\"minRow\":13,\"minCol\":1,\"maxRow\":13,\"maxCol\":4},{\"startId\":\"12-3\",\"minRow\":12,\"minCol\":3,\"maxRow\":12,\"maxCol\":4},{\"startId\":\"14-1\",\"minRow\":14,\"minCol\":1,\"maxRow\":14,\"maxCol\":4},{\"startId\":\"15-1\",\"minRow\":15,\"minCol\":1,\"maxRow\":15,\"maxCol\":4},{\"startId\":\"0-1\",\"minRow\":0,\"minCol\":1,\"maxRow\":0,\"maxCol\":2},{\"startId\":\"1-1\",\"minRow\":1,\"minCol\":1,\"maxRow\":1,\"maxCol\":2},{\"startId\":\"2-1\",\"minRow\":2,\"minCol\":1,\"maxRow\":2,\"maxCol\":2},{\"startId\":\"3-1\",\"minRow\":3,\"minCol\":1,\"maxRow\":3,\"maxCol\":2},{\"startId\":\"4-1\",\"minRow\":4,\"minCol\":1,\"maxRow\":4,\"maxCol\":2},{\"startId\":\"5-1\",\"minRow\":5,\"minCol\":1,\"maxRow\":5,\"maxCol\":2},{\"startId\":\"6-1\",\"minRow\":6,\"minCol\":1,\"maxRow\":6,\"maxCol\":2},{\"startId\":\"7-1\",\"minRow\":7,\"minCol\":1,\"maxRow\":7,\"maxCol\":2},{\"startId\":\"8-1\",\"minRow\":8,\"minCol\":1,\"maxRow\":8,\"maxCol\":2},{\"startId\":\"9-1\",\"minRow\":9,\"minCol\":1,\"maxRow\":9,\"maxCol\":2},{\"startId\":\"10-1\",\"minRow\":10,\"minCol\":1,\"maxRow\":10,\"maxCol\":2},{\"startId\":\"11-1\",\"minRow\":11,\"minCol\":1,\"maxRow\":11,\"maxCol\":2},{\"startId\":\"17-1\",\"minRow\":17,\"minCol\":1,\"maxRow\":17,\"maxCol\":4}],\"fields\":[{\"type\":\"label\",\"row\":0,\"col\":3,\"align\":\"left\",\"color\":\"red\",\"text\":\"请选择已经立项的项目简称并更新或更改相应信息。\"},{\"type\":\"label\",\"row\":0,\"col\":0,\"align\":\"undefined\",\"color\":\"undefined\",\"text\":\"项目简称：\"},{\"type\":\"label\",\"row\":1,\"col\":0,\"align\":\"undefined\",\"color\":\"undefined\",\"text\":\"公司全称：\"},{\"type\":\"label\",\"row\":2,\"col\":0,\"align\":\"undefined\",\"color\":\"undefined\",\"text\":\"公司简称：\"},{\"type\":\"label\",\"row\":3,\"col\":0,\"align\":\"undefined\",\"color\":\"undefined\",\"text\":\"经营范围：\"},{\"type\":\"label\",\"row\":4,\"col\":0,\"align\":\"undefined\",\"color\":\"undefined\",\"text\":\"法人代表：\"},{\"type\":\"label\",\"row\":5,\"col\":0,\"align\":\"undefined\",\"color\":\"undefined\",\"text\":\"注册资本(千元)：\"},{\"type\":\"label\",\"row\":6,\"col\":0,\"align\":\"undefined\",\"color\":\"undefined\",\"text\":\"注册地址：\"},{\"type\":\"label\",\"row\":7,\"col\":0,\"align\":\"undefined\",\"color\":\"undefined\",\"text\":\"联系人员：\"},{\"type\":\"label\",\"row\":8,\"col\":0,\"align\":\"undefined\",\"color\":\"undefined\",\"text\":\"联系电话：\"},{\"type\":\"label\",\"row\":9,\"col\":0,\"align\":\"undefined\",\"color\":\"undefined\",\"text\":\"总资产(千元)：\"},{\"type\":\"label\",\"row\":10,\"col\":0,\"align\":\"undefined\",\"color\":\"undefined\",\"text\":\"营业收入(千元)：\"},{\"type\":\"label\",\"row\":11,\"col\":0,\"align\":\"undefined\",\"color\":\"undefined\",\"text\":\"营业利润(千元)：\"},{\"type\":\"label\",\"row\":12,\"col\":0,\"align\":\"undefined\",\"color\":\"undefined\",\"text\":\"项目类型：\"},{\"type\":\"label\",\"row\":13,\"col\":0,\"align\":\"undefined\",\"color\":\"undefined\",\"text\":\"项目成员：\"},{\"type\":\"label\",\"row\":14,\"col\":0,\"align\":\"undefined\",\"color\":\"undefined\",\"text\":\"项目内容：\"},{\"type\":\"label\",\"row\":15,\"col\":0,\"align\":\"undefined\",\"color\":\"undefined\",\"text\":\"项目来源：\"},{\"type\":\"label\",\"row\":16,\"col\":0,\"align\":\"undefined\",\"color\":\"undefined\",\"text\":\"项目预计(起始)周期：\"},{\"type\":\"label\",\"row\":17,\"col\":0,\"align\":\"undefined\",\"color\":\"undefined\",\"text\":\"预计工时费用(千元)：\"},{\"type\":\"label\",\"row\":2,\"col\":3,\"align\":\"undefined\",\"color\":\"undefined\",\"text\":\"客户代码：\"},{\"type\":\"label\",\"row\":3,\"col\":3,\"align\":\"undefined\",\"color\":\"undefined\",\"text\":\"所属行业：\"},{\"type\":\"label\",\"row\":4,\"col\":3,\"align\":\"undefined\",\"color\":\"undefined\",\"text\":\"总经理：\"},{\"type\":\"label\",\"row\":6,\"col\":3,\"align\":\"undefined\",\"color\":\"undefined\",\"text\":\"邮政编码：\"},{\"type\":\"label\",\"row\":7,\"col\":3,\"align\":\"undefined\",\"color\":\"undefined\",\"text\":\"联系电邮：\"},{\"type\":\"label\",\"row\":8,\"col\":3,\"align\":\"undefined\",\"color\":\"undefined\",\"text\":\"联系传真：\"},{\"type\":\"label\",\"row\":9,\"col\":3,\"align\":\"undefined\",\"color\":\"undefined\",\"text\":\"净资产(千元)：\"},{\"type\":\"label\",\"row\":10,\"col\":3,\"align\":\"undefined\",\"color\":\"undefined\",\"text\":\"净利润(千元)：\"},{\"type\":\"label\",\"row\":11,\"col\":3,\"align\":\"undefined\",\"color\":\"undefined\",\"text\":\"财务期间：\"},{\"type\":\"select\",\"row\":1,\"col\":4,\"name\":\"xf_f_szss\",\"alias\":\"所在省市\",\"items\":\"\",\"dic\":\"cfg_suoshushegnshi\",\"required\":false,\"readOnly\":false,\"reportFlag\":false},{\"type\":\"label\",\"row\":1,\"col\":3,\"align\":\"undefined\",\"color\":\"undefined\",\"text\":\"所在省市：\"},{\"type\":\"select\",\"row\":3,\"col\":4,\"name\":\"xf_f_sshy\",\"alias\":\"所属行业\",\"items\":\"\",\"dic\":\"cfg_suoshuhangye\",\"required\":false,\"readOnly\":false,\"reportFlag\":false},{\"type\":\"textfield\",\"row\":2,\"col\":4,\"name\":\"xf_f_khdm\",\"alias\":\"客户代码\",\"required\":false,\"readOnly\":false,\"reportFlag\":false},{\"type\":\"proselection\",\"row\":0,\"col\":1,\"name\":\"xf_f_xmjc\",\"alias\":\"项目简称\",\"items\":\"\",\"dic\":\"\",\"required\":false,\"readOnly\":false,\"reportFlag\":false},{\"type\":\"textfield\",\"row\":1,\"col\":1,\"name\":\"xf_f_gsqc\",\"alias\":\"公司全称\",\"required\":false,\"readOnly\":false,\"reportFlag\":false},{\"type\":\"textfield\",\"row\":2,\"col\":1,\"name\":\"xf_f_gsjc\",\"alias\":\"公司简称\",\"required\":false,\"readOnly\":false,\"reportFlag\":false},{\"type\":\"textfield\",\"row\":3,\"col\":1,\"name\":\"xf_f_jyfw\",\"alias\":\"经营范围\",\"required\":false,\"readOnly\":false,\"reportFlag\":false},{\"type\":\"textfield\",\"row\":4,\"col\":1,\"name\":\"xf_f_frdb\",\"alias\":\"法人代表\",\"required\":false,\"readOnly\":false,\"reportFlag\":false},{\"type\":\"textfield\",\"row\":6,\"col\":1,\"name\":\"xf_f_zcdz\",\"alias\":\"注册地址\",\"required\":false,\"readOnly\":false,\"reportFlag\":false},{\"type\":\"textfield\",\"row\":7,\"col\":1,\"name\":\"xf_f_lxry\",\"alias\":\"联系人员\",\"required\":false,\"readOnly\":false,\"reportFlag\":false},{\"type\":\"textfield\",\"row\":8,\"col\":1,\"name\":\"xf_f_lxdh\",\"alias\":\"联系电话\",\"required\":false,\"readOnly\":false,\"reportFlag\":false},{\"type\":\"numberbox\",\"row\":5,\"col\":1,\"name\":\"xf_f_zczb\",\"alias\":\"注册资本(千元)\",\"minVal\":0,\"maxVal\":9999999999,\"precision\":2,\"required\":false,\"readOnly\":false,\"reportFlag\":false},{\"type\":\"numberbox\",\"row\":9,\"col\":1,\"name\":\"xf_f_zzc\",\"alias\":\"总资产(千元)\",\"minVal\":0,\"maxVal\":9999999999,\"precision\":2,\"required\":false,\"readOnly\":false,\"reportFlag\":false},{\"type\":\"numberbox\",\"row\":10,\"col\":1,\"name\":\"xf_f_yysr\",\"alias\":\"营业收入(千元)\",\"minVal\":0,\"maxVal\":9999999999,\"precision\":2,\"required\":false,\"readOnly\":false,\"reportFlag\":false},{\"type\":\"numberbox\",\"row\":11,\"col\":1,\"name\":\"xf_f_yylr\",\"alias\":\"营业利润(千元)\",\"minVal\":0,\"maxVal\":9999999999,\"precision\":2,\"required\":false,\"readOnly\":false,\"reportFlag\":false},{\"type\":\"select\",\"row\":12,\"col\":1,\"name\":\"xf_f_ywpz\",\"alias\":\"项目类型-业务品种\",\"items\":\"\",\"dic\":\"cfg_yewupinzhong\",\"required\":false,\"readOnly\":false,\"reportFlag\":false},{\"type\":\"select\",\"row\":12,\"col\":2,\"name\":\"xf_f_cdjs\",\"alias\":\"项目类型-承担角色\",\"items\":\"\",\"dic\":\"cfg_chengdanjuese\",\"required\":false,\"readOnly\":false,\"reportFlag\":false},{\"type\":\"userselection\",\"row\":13,\"col\":1,\"required\":false,\"readOnly\":false,\"reportFlag\":false,\"name\":\"xf_f_xmcy\",\"alias\":\"项目成员\",\"collections\":[{\"type\":\"select\",\"name\":\"xf_f_xmcy~xf_f_us_r~@0\"},{\"type\":\"userpicker\",\"name\":\"xf_f_xmcy~xf_f_us_u~@1\"}]},{\"type\":\"textarea\",\"row\":14,\"col\":1,\"name\":\"xf_f_xmnr\",\"alias\":\"项目内容\",\"required\":false,\"readOnly\":false,\"reportFlag\":false},{\"type\":\"textfield\",\"row\":15,\"col\":1,\"name\":\"xf_f_xmly\",\"alias\":\"项目来源\",\"required\":false,\"readOnly\":false,\"reportFlag\":false},{\"type\":\"datepicker\",\"row\":16,\"col\":1,\"name\":\"xf_f_xmyjqszq\",\"alias\":\"项目预计(起始)周期\",\"required\":false,\"readOnly\":false,\"reportFlag\":false},{\"type\":\"datepicker\",\"row\":16,\"col\":2,\"name\":\"xf_f_xmyjjszq\",\"alias\":\"项目预计(结束)周期\",\"required\":false,\"readOnly\":false,\"reportFlag\":false},{\"type\":\"numberbox\",\"row\":17,\"col\":1,\"name\":\"xf_f_yjgsfy\",\"alias\":\"预计工时费用(千元)\",\"minVal\":0,\"maxVal\":9999999999,\"precision\":2,\"required\":false,\"readOnly\":false,\"reportFlag\":false},{\"type\":\"textfield\",\"row\":11,\"col\":4,\"name\":\"xf_f_cwqj\",\"alias\":\"财务期间\",\"required\":false,\"readOnly\":false,\"reportFlag\":false},{\"type\":\"textfield\",\"row\":4,\"col\":4,\"name\":\"xf_f_zjl\",\"alias\":\"总经理\",\"required\":false,\"readOnly\":false,\"reportFlag\":false},{\"type\":\"label\",\"row\":5,\"col\":3,\"align\":\"undefined\",\"color\":\"undefined\",\"text\":\"成立日期：\"},{\"type\":\"datepicker\",\"row\":5,\"col\":4,\"name\":\"xf_f_clrq\",\"alias\":\"成立日期\",\"required\":false,\"readOnly\":false,\"reportFlag\":false},{\"type\":\"textfield\",\"row\":6,\"col\":4,\"name\":\"xf_f_yzbm\",\"alias\":\"邮政编码\",\"required\":false,\"readOnly\":false,\"reportFlag\":false},{\"type\":\"textfield\",\"row\":7,\"col\":4,\"name\":\"xf_f_lxdy\",\"alias\":\"联系电邮\",\"required\":false,\"readOnly\":false,\"reportFlag\":false},{\"type\":\"textfield\",\"row\":8,\"col\":4,\"name\":\"xf_f_lxcz\",\"alias\":\"联系传真\",\"required\":false,\"readOnly\":false,\"reportFlag\":false},{\"type\":\"numberbox\",\"row\":9,\"col\":4,\"name\":\"xf_f_jingzc\",\"alias\":\"净资产(千元)\",\"minVal\":0,\"maxVal\":9999999999,\"precision\":2,\"required\":false,\"readOnly\":false,\"reportFlag\":false},{\"type\":\"numberbox\",\"row\":10,\"col\":4,\"name\":\"xf_f_jinglr\",\"alias\":\"净利润(千元)\",\"minVal\":0,\"maxVal\":9999999999,\"precision\":2,\"required\":false,\"readOnly\":false,\"reportFlag\":false},{\"type\":\"label\",\"row\":16,\"col\":3,\"align\":\"undefined\",\"color\":\"undefined\",\"text\":\"预计直接费用(千元)：\"},{\"type\":\"numberbox\",\"row\":16,\"col\":4,\"name\":\"xf_f_yjzjfy\",\"alias\":\"预计直接费用(千元)\",\"minVal\":0,\"maxVal\":9999999999,\"precision\":2,\"required\":false,\"readOnly\":false,\"reportFlag\":false}]}]}', '{xmjc#ZM}-{yy}', 'sino-{yyyy-MM-dd}', '', 'admin', '2015-3-22 19:42:28', 'admin', '2015-4-18 17:13:00', '/dynamicForm/form/flow-input-form.html', NULL, 'dynamicFormAdapter', 'T', 'F', 'A1总经理会事宜报告模版', 'T');
INSERT INTO `t_form_template` (`ID`, `SEQUENCE`, `TYPE_ID`, `NAME`, `DESCRIPTION`, `STATUS`, `CONTENT`, `DOC_NO_RULE`, `REP_NO_RULE`, `PRO_NAME_RULE`, `CREATE_USER`, `CREATE_DATE`, `UPDATE_USER`, `UPDATE_DATE`, `VIEW_URL`, `ATTACHMENT`, `HANDLE_CLASS`, `DYNAMIC_FORM`, `PROJECTFLAG`, `PROCESS_NAME`, `EXPORT_FLAG`) VALUES ('dfdcc112-f94a-4146-b41d-0649e8c6fad7', 3, '778c99a5-f066-4270-977e-2e2153f03aa0', '一般费用报销单据', '一般费用报销单据', 0, '{\"sections\":[{\"type\":\"text\",\"tag\":\"h1\",\"text\":\"一般费用报销单据\"},{\"type\":\"grid\",\"row\":\"9\",\"col\":\"10\",\"merge\":[{\"startId\":\"1-1\",\"minRow\":1,\"minCol\":1,\"maxRow\":1,\"maxCol\":2},{\"startId\":\"1-4\",\"minRow\":1,\"minCol\":4,\"maxRow\":1,\"maxCol\":5},{\"startId\":\"1-7\",\"minRow\":1,\"minCol\":7,\"maxRow\":1,\"maxCol\":9},{\"startId\":\"2-1\",\"minRow\":2,\"minCol\":1,\"maxRow\":2,\"maxCol\":2},{\"startId\":\"3-1\",\"minRow\":3,\"minCol\":1,\"maxRow\":3,\"maxCol\":2},{\"startId\":\"2-4\",\"minRow\":2,\"minCol\":4,\"maxRow\":2,\"maxCol\":5},{\"startId\":\"3-4\",\"minRow\":3,\"minCol\":4,\"maxRow\":3,\"maxCol\":5},{\"startId\":\"2-7\",\"minRow\":2,\"minCol\":7,\"maxRow\":2,\"maxCol\":9},{\"startId\":\"3-7\",\"minRow\":3,\"minCol\":7,\"maxRow\":3,\"maxCol\":9},{\"startId\":\"0-4\",\"minRow\":0,\"minCol\":4,\"maxRow\":0,\"maxCol\":9},{\"startId\":\"0-1\",\"minRow\":0,\"minCol\":1,\"maxRow\":0,\"maxCol\":2},{\"startId\":\"4-4\",\"minRow\":4,\"minCol\":4,\"maxRow\":4,\"maxCol\":5},{\"startId\":\"4-7\",\"minRow\":4,\"minCol\":7,\"maxRow\":4,\"maxCol\":9},{\"startId\":\"4-1\",\"minRow\":4,\"minCol\":1,\"maxRow\":4,\"maxCol\":2},{\"startId\":\"5-1\",\"minRow\":5,\"minCol\":1,\"maxRow\":5,\"maxCol\":9},{\"startId\":\"6-1\",\"minRow\":6,\"minCol\":1,\"maxRow\":6,\"maxCol\":9},{\"startId\":\"7-1\",\"minRow\":7,\"minCol\":1,\"maxRow\":7,\"maxCol\":9}],\"fields\":[{\"type\":\"label\",\"row\":0,\"col\":0,\"align\":\"center\",\"color\":\"black\",\"text\":\"费用承担项目\"},{\"type\":\"proselection\",\"row\":0,\"col\":1,\"name\":\"xf_f_proselection\",\"alias\":\"费用承担项目\",\"items\":\"\",\"dic\":\"\",\"required\":false,\"readOnly\":false,\"reportFlag\":false},{\"type\":\"label\",\"row\":1,\"col\":0,\"align\":\"center\",\"color\":\"black\",\"text\":\"收款人\"},{\"type\":\"label\",\"row\":2,\"col\":0,\"align\":\"center\",\"color\":\"black\",\"text\":\"时间\"},{\"type\":\"label\",\"row\":3,\"col\":0,\"align\":\"center\",\"color\":\"black\",\"text\":\"通讯费用\"},{\"type\":\"textfield\",\"row\":1,\"col\":1,\"name\":\"xf_f_skr\",\"alias\":\"收款人\",\"required\":false,\"readOnly\":false,\"reportFlag\":false},{\"type\":\"datepicker\",\"row\":2,\"col\":1,\"name\":\"xf_f_date\",\"alias\":\"时间\",\"required\":false,\"readOnly\":false,\"reportFlag\":false},{\"type\":\"numberbox\",\"row\":3,\"col\":1,\"name\":\"xf_f_txfy\",\"alias\":\"通讯费用\",\"minVal\":0,\"maxVal\":9999999999,\"precision\":2,\"required\":false,\"readOnly\":false,\"reportFlag\":false},{\"type\":\"select\",\"row\":1,\"col\":8,\"name\":\"xf_f_select-1-5\",\"alias\":\"select-1-5\",\"items\":\"\",\"dic\":\"\",\"required\":false,\"readOnly\":false,\"reportFlag\":false},{\"type\":\"textfield\",\"row\":1,\"col\":5,\"name\":\"xf_f_textfield-1-3\",\"alias\":\"textfield-1-3\",\"required\":false,\"readOnly\":false,\"reportFlag\":false},{\"type\":\"label\",\"row\":1,\"col\":3,\"align\":\"center\",\"color\":\"black\",\"text\":\"收款帐号\"},{\"type\":\"textfield\",\"row\":1,\"col\":4,\"name\":\"xf_f_skzh\",\"alias\":\"收款帐号\",\"required\":false,\"readOnly\":false,\"reportFlag\":false},{\"type\":\"label\",\"row\":1,\"col\":6,\"align\":\"center\",\"color\":\"black\",\"text\":\"职级\"},{\"type\":\"select\",\"row\":1,\"col\":7,\"name\":\"xf_f_zhiji\",\"alias\":\"职级\",\"items\":\"\",\"dic\":\"cfg_zhuanshujibie\",\"required\":false,\"readOnly\":false,\"reportFlag\":false},{\"type\":\"numberbox\",\"row\":2,\"col\":7,\"name\":\"xf_f_xcfy\",\"alias\":\"宣传费用\",\"minVal\":0,\"maxVal\":9999999999,\"precision\":2,\"required\":false,\"readOnly\":false,\"reportFlag\":false},{\"type\":\"label\",\"row\":2,\"col\":6,\"align\":\"center\",\"color\":\"black\",\"text\":\"宣传费用\"},{\"type\":\"numberbox\",\"row\":2,\"col\":4,\"name\":\"xf_f_hyfy\",\"alias\":\"会议费用\",\"minVal\":0,\"maxVal\":9999999999,\"precision\":2,\"required\":false,\"readOnly\":false,\"reportFlag\":false},{\"type\":\"label\",\"row\":2,\"col\":3,\"align\":\"center\",\"color\":\"black\",\"text\":\"会议费用\"},{\"type\":\"numberbox\",\"row\":3,\"col\":7,\"name\":\"xf_f_zbzc\",\"alias\":\"资本支出\",\"minVal\":0,\"maxVal\":9999999999,\"precision\":2,\"required\":false,\"readOnly\":false,\"reportFlag\":false},{\"type\":\"label\",\"row\":3,\"col\":6,\"align\":\"center\",\"color\":\"black\",\"text\":\"资本支出\"},{\"type\":\"numberbox\",\"row\":3,\"col\":4,\"name\":\"xf_f_wyfy\",\"alias\":\"物业费用\",\"minVal\":0,\"maxVal\":9999999999,\"precision\":2,\"required\":false,\"readOnly\":false,\"reportFlag\":false},{\"type\":\"label\",\"row\":3,\"col\":3,\"align\":\"center\",\"color\":\"black\",\"text\":\"物业费用\"},{\"type\":\"textfield\",\"row\":0,\"col\":4,\"name\":\"xf_f_fixedName_xmjl\",\"alias\":\"项目经理\",\"required\":false,\"readOnly\":true,\"reportFlag\":false},{\"type\":\"label\",\"row\":0,\"col\":3,\"align\":\"center\",\"color\":\"black\",\"text\":\"项目经理\"},{\"type\":\"label\",\"row\":8,\"col\":0,\"align\":\"center\",\"color\":\"black\",\"text\":\"复核\"},{\"type\":\"label\",\"row\":8,\"col\":2,\"align\":\"center\",\"color\":\"black\",\"text\":\"财务\"},{\"type\":\"label\",\"row\":8,\"col\":4,\"align\":\"center\",\"color\":\"black\",\"text\":\"审核\"},{\"type\":\"label\",\"row\":8,\"col\":6,\"align\":\"center\",\"color\":\"black\",\"text\":\"报销\"},{\"type\":\"label\",\"row\":8,\"col\":8,\"align\":\"center\",\"color\":\"black\",\"text\":\"领款\"},{\"type\":\"label\",\"row\":7,\"col\":0,\"align\":\"center\",\"color\":\"black\",\"text\":\"总计金额(大写)\"},{\"type\":\"upperdigit\",\"row\":7,\"col\":1,\"name\":\"xf_f_upperdigit-5-1\",\"alias\":\"总计金额(大写)\",\"resources\":\"#heji#\",\"required\":false,\"readOnly\":true,\"reportFlag\":false},{\"type\":\"label\",\"row\":6,\"col\":0,\"align\":\"center\",\"color\":\"black\",\"text\":\"合计\"},{\"type\":\"calculator\",\"row\":6,\"col\":1,\"name\":\"xf_f_heji\",\"alias\":\"合计\",\"resources\":\"#hyfy#+#xcfy#+#txfy#+#wyfy#+#zbzc#+#xzsf#+#bgfy#+#jtyz#+#qtfy#\",\"dataType\":\"number\",\"required\":false,\"readOnly\":true,\"reportFlag\":false},{\"type\":\"label\",\"row\":5,\"col\":0,\"align\":\"center\",\"color\":\"black\",\"text\":\"其他费用\"},{\"type\":\"label\",\"row\":4,\"col\":0,\"align\":\"center\",\"color\":\"black\",\"text\":\"行政收费\"},{\"type\":\"numberbox\",\"row\":4,\"col\":1,\"name\":\"xf_f_xzsf\",\"alias\":\"行政收费\",\"minVal\":0,\"maxVal\":9999999999,\"precision\":2,\"required\":false,\"readOnly\":false,\"reportFlag\":false},{\"type\":\"numberbox\",\"row\":5,\"col\":1,\"name\":\"xf_f_qtfy\",\"alias\":\"其他费用\",\"minVal\":0,\"maxVal\":9999999999,\"precision\":2,\"required\":false,\"readOnly\":false,\"reportFlag\":false},{\"type\":\"label\",\"row\":4,\"col\":3,\"align\":\"center\",\"color\":\"black\",\"text\":\"办公费用\"},{\"type\":\"label\",\"row\":4,\"col\":6,\"align\":\"center\",\"color\":\"black\",\"text\":\"交通邮政\"},{\"type\":\"numberbox\",\"row\":4,\"col\":4,\"name\":\"xf_f_bgfy\",\"alias\":\"办公费用\",\"minVal\":0,\"maxVal\":9999999999,\"precision\":2,\"required\":false,\"readOnly\":false,\"reportFlag\":false},{\"type\":\"numberbox\",\"row\":4,\"col\":7,\"name\":\"xf_f_jtfy\",\"alias\":\"交通邮政\",\"minVal\":0,\"maxVal\":9999999999,\"precision\":2,\"required\":false,\"readOnly\":false,\"reportFlag\":false}]}]}', 'sino-{yyyy-MM-dd}', 'sino-{yyyy-MM-dd}', '', 'admin', '2015-3-25 13:50:14', 'admin', '2015-4-25 12:14:39', '/dynamicForm/form/flow-input-form.html', NULL, 'dynamicFormAdapter', 'F', '', 'A1总经理会事宜报告模版', 'T');
INSERT INTO `t_form_template` (`ID`, `SEQUENCE`, `TYPE_ID`, `NAME`, `DESCRIPTION`, `STATUS`, `CONTENT`, `DOC_NO_RULE`, `REP_NO_RULE`, `PRO_NAME_RULE`, `CREATE_USER`, `CREATE_DATE`, `UPDATE_USER`, `UPDATE_DATE`, `VIEW_URL`, `ATTACHMENT`, `HANDLE_CLASS`, `DYNAMIC_FORM`, `PROJECTFLAG`, `PROCESS_NAME`, `EXPORT_FLAG`) VALUES ('fb9242e7-9f34-4159-bf60-2089b3c1c9a5', 6, '0cb4a172-4954-45d7-a0b9-388985331e85', '项目总结报告', '项目总结报告', 0, '{\"sections\":[{\"type\":\"text\",\"tag\":\"h1\",\"text\":\"项目总结报告\"},{\"type\":\"grid\",\"row\":\"7\",\"col\":\"5\",\"merge\":[{\"startId\":\"0-1\",\"minRow\":0,\"minCol\":1,\"maxRow\":0,\"maxCol\":2},{\"startId\":\"0-3\",\"minRow\":0,\"minCol\":3,\"maxRow\":0,\"maxCol\":4},{\"startId\":\"1-3\",\"minRow\":1,\"minCol\":3,\"maxRow\":1,\"maxCol\":4},{\"startId\":\"2-1\",\"minRow\":2,\"minCol\":1,\"maxRow\":2,\"maxCol\":4},{\"startId\":\"3-1\",\"minRow\":3,\"minCol\":1,\"maxRow\":3,\"maxCol\":4},{\"startId\":\"4-1\",\"minRow\":4,\"minCol\":1,\"maxRow\":4,\"maxCol\":4},{\"startId\":\"6-1\",\"minRow\":6,\"minCol\":1,\"maxRow\":6,\"maxCol\":4}],\"fields\":[{\"type\":\"label\",\"row\":0,\"col\":0,\"align\":\"undefined\",\"color\":\"undefined\",\"text\":\"项目简称：\"},{\"type\":\"label\",\"row\":1,\"col\":0,\"align\":\"undefined\",\"color\":\"undefined\",\"text\":\"项目类型：\"},{\"type\":\"label\",\"row\":2,\"col\":0,\"align\":\"undefined\",\"color\":\"undefined\",\"text\":\"项目成员：\"},{\"type\":\"label\",\"row\":3,\"col\":0,\"align\":\"undefined\",\"color\":\"undefined\",\"text\":\"项目内容：\"},{\"type\":\"label\",\"row\":4,\"col\":0,\"align\":\"undefined\",\"color\":\"undefined\",\"text\":\"项目来源：\"},{\"type\":\"label\",\"row\":5,\"col\":0,\"align\":\"undefined\",\"color\":\"undefined\",\"text\":\"项目预计(起始)周期：\"},{\"type\":\"label\",\"row\":6,\"col\":0,\"align\":\"undefined\",\"color\":\"undefined\",\"text\":\"预计工时费用(千元)：\"},{\"type\":\"select\",\"row\":1,\"col\":1,\"name\":\"xf_f_ywpz\",\"alias\":\"项目类型-业务品种\",\"items\":\"\",\"dic\":\"cfg_yewupinzhong\",\"required\":false,\"readOnly\":false,\"reportFlag\":false},{\"type\":\"select\",\"row\":1,\"col\":2,\"name\":\"xf_f_cdjs\",\"alias\":\"项目类型-承担角色\",\"items\":\"\",\"dic\":\"cfg_chengdanjuese\",\"required\":false,\"readOnly\":false,\"reportFlag\":false},{\"type\":\"proselection\",\"row\":0,\"col\":1,\"name\":\"xf_f_xmjc\",\"alias\":\"项目简称\",\"items\":\"\",\"dic\":\"\",\"required\":false,\"readOnly\":false,\"reportFlag\":false},{\"type\":\"textarea\",\"row\":3,\"col\":1,\"name\":\"xf_f_xmnr\",\"alias\":\"项目内容\",\"required\":false,\"readOnly\":false,\"reportFlag\":false},{\"type\":\"userselection\",\"row\":2,\"col\":1,\"required\":false,\"readOnly\":false,\"reportFlag\":false,\"name\":\"xf_f_xmcy\",\"alias\":\"项目成员\",\"collections\":[{\"type\":\"select\",\"name\":\"xf_f_xmcy~xf_f_us_r~@0\"},{\"type\":\"userpicker\",\"name\":\"xf_f_xmcy~xf_f_us_u~@1\"}]},{\"type\":\"textfield\",\"row\":4,\"col\":1,\"name\":\"xf_f_xmly\",\"alias\":\"项目来源\",\"required\":false,\"readOnly\":false,\"reportFlag\":false},{\"type\":\"datepicker\",\"row\":5,\"col\":1,\"name\":\"xf_f_xmyjqszq\",\"alias\":\"项目预计(起始)周期\",\"required\":false,\"readOnly\":false,\"reportFlag\":false},{\"type\":\"datepicker\",\"row\":5,\"col\":2,\"name\":\"xf_f_xmyjjszq\",\"alias\":\"项目预计(结束)周期\",\"required\":false,\"readOnly\":false,\"reportFlag\":false},{\"type\":\"numberbox\",\"row\":6,\"col\":1,\"name\":\"xf_f_yjgsfy\",\"alias\":\"预计工时费用(千元)\",\"minVal\":0,\"maxVal\":9999999999,\"precision\":2,\"required\":false,\"readOnly\":false,\"reportFlag\":false},{\"type\":\"numberbox\",\"row\":5,\"col\":4,\"name\":\"xf_f_yjzjfy\",\"alias\":\"预计直接费用(千元)\",\"minVal\":0,\"maxVal\":9999999999,\"precision\":2,\"required\":false,\"readOnly\":false,\"reportFlag\":false},{\"type\":\"label\",\"row\":5,\"col\":3,\"align\":\"undefined\",\"color\":\"undefined\",\"text\":\"预计直接费用(千元)：\"}]}]}', '{xmjc#ZM}-{yy}', 'sino-{yyyy-MM-dd}', '', 'admin', '2015-3-24 22:07:34', 'admin', '2015-4-18 17:14:46', '/dynamicForm/form/flow-input-form.html', NULL, 'dynamicFormAdapter', 'T', '', 'A1总经理会事宜报告模版', 'T');


-- 模板类型资源权限
INSERT INTO `t_resource` (`resource_id`, `parent_id`, `resource_name`, `address_url`, `resource_desc`, `resource_type`, `auth_type`, `icon_name`, `sort_num`) 
VALUES ('formTmpType-0cb4a172-4954-45d7-a0b9-388985331e85', 'root', '项目管理', NULL, NULL, '1', 'AUTH', 'flowInput.png', 203);
INSERT INTO `t_resource` (`resource_id`, `parent_id`, `resource_name`, `address_url`, `resource_desc`, `resource_type`, `auth_type`, `icon_name`, `sort_num`) 
VALUES ('formTmpType-1242a7fb-f131-4daf-9116-2dc92529504d', 'root', '基金管理', NULL, NULL, '1', 'AUTH', 'flowInput.png', 204);
INSERT INTO `t_resource` (`resource_id`, `parent_id`, `resource_name`, `address_url`, `resource_desc`, `resource_type`, `auth_type`, `icon_name`, `sort_num`) 
VALUES ('formTmpType-1783377b-36a5-4024-bef8-d2fbfb0e5dfb', 'root', '公司运营', NULL, NULL, '1', 'AUTH', 'flowInput.png', 202);
INSERT INTO `t_resource` (`resource_id`, `parent_id`, `resource_name`, `address_url`, `resource_desc`, `resource_type`, `auth_type`, `icon_name`, `sort_num`) 
VALUES ('formTmpType-4c7aa8bf-43f2-4361-95c4-ff424bede6fa', 'root', '工时周报', NULL, NULL, '1', 'AUTH', 'flowInput.png', 205);
INSERT INTO `t_resource` (`resource_id`, `parent_id`, `resource_name`, `address_url`, `resource_desc`, `resource_type`, `auth_type`, `icon_name`, `sort_num`) 
VALUES ('formTmpType-778c99a5-f066-4270-977e-2e2153f03aa0', 'root', '费用报销', NULL, NULL, '1', 'AUTH', 'flowInput.png', 206);


-- 模板资源权限
INSERT INTO `t_resource` (`resource_id`, `parent_id`, `resource_name`, `address_url`, `resource_desc`, `resource_type`, `auth_type`, `icon_name`, `sort_num`) VALUES ('formTmp-04e64173-78a4-4287-ac1c-9f53912187d8', 'formTmpType-778c99a5-f066-4270-977e-2e2153f03aa0', '外勤费用报销', 'flow!launch.do?formTemplateId=04e64173-78a4-4287-ac1c-9f53912187d8', NULL, '1', 'AUTH', NULL, 0);
INSERT INTO `t_resource` (`resource_id`, `parent_id`, `resource_name`, `address_url`, `resource_desc`, `resource_type`, `auth_type`, `icon_name`, `sort_num`) VALUES ('formTmp-10be6651-0645-4b3c-9b4d-c0da3cac7631', 'formTmpType-1783377b-36a5-4024-bef8-d2fbfb0e5dfb', '监事会事宜报告 ', 'flow!launch.do?formTemplateId=10be6651-0645-4b3c-9b4d-c0da3cac7631', NULL, '1', 'AUTH', NULL, 0);
INSERT INTO `t_resource` (`resource_id`, `parent_id`, `resource_name`, `address_url`, `resource_desc`, `resource_type`, `auth_type`, `icon_name`, `sort_num`) VALUES ('formTmp-176ddc67-fc7a-49a0-a653-175077c9624d', 'formTmpType-1242a7fb-f131-4daf-9116-2dc92529504d', '基金执行事务', 'flow!launch.do?formTemplateId=176ddc67-fc7a-49a0-a653-175077c9624d', NULL, '1', 'AUTH', NULL, 0);
INSERT INTO `t_resource` (`resource_id`, `parent_id`, `resource_name`, `address_url`, `resource_desc`, `resource_type`, `auth_type`, `icon_name`, `sort_num`) VALUES ('formTmp-30aa29b7-0128-4cb3-a371-2b4ac9047489', 'formTmpType-0cb4a172-4954-45d7-a0b9-388985331e85', '专业文件报告', 'flow!launch.do?formTemplateId=30aa29b7-0128-4cb3-a371-2b4ac9047489', NULL, '1', 'AUTH', NULL, 7);
INSERT INTO `t_resource` (`resource_id`, `parent_id`, `resource_name`, `address_url`, `resource_desc`, `resource_type`, `auth_type`, `icon_name`, `sort_num`) VALUES ('formTmp-34289f02-068c-42f7-bfe9-d5c08d737158', 'formTmpType-778c99a5-f066-4270-977e-2e2153f03aa0', '工资费用发放单据', 'flow!launch.do?formTemplateId=34289f02-068c-42f7-bfe9-d5c08d737158', NULL, '1', 'AUTH', NULL, 0);
INSERT INTO `t_resource` (`resource_id`, `parent_id`, `resource_name`, `address_url`, `resource_desc`, `resource_type`, `auth_type`, `icon_name`, `sort_num`) VALUES ('formTmp-34f26c08-6c02-4d64-bc1b-0bf0b942999c', 'formTmpType-1242a7fb-f131-4daf-9116-2dc92529504d', '基金投决会会议', 'flow!launch.do?formTemplateId=34f26c08-6c02-4d64-bc1b-0bf0b942999c', NULL, '1', 'AUTH', NULL, 0);
INSERT INTO `t_resource` (`resource_id`, `parent_id`, `resource_name`, `address_url`, `resource_desc`, `resource_type`, `auth_type`, `icon_name`, `sort_num`) VALUES ('formTmp-3cdba251-4ecc-4d3a-8082-8327e3fb43ff', 'formTmpType-1783377b-36a5-4024-bef8-d2fbfb0e5dfb', '总经理会事宜报告', 'flow!launch.do?formTemplateId=3cdba251-4ecc-4d3a-8082-8327e3fb43ff', NULL, '1', 'AUTH', NULL, 0);
INSERT INTO `t_resource` (`resource_id`, `parent_id`, `resource_name`, `address_url`, `resource_desc`, `resource_type`, `auth_type`, `icon_name`, `sort_num`) VALUES ('formTmp-6520f188-9d9b-4777-a631-8ab833abbc9e', 'formTmpType-0cb4a172-4954-45d7-a0b9-388985331e85', '项目进展报告', 'flow!launch.do?formTemplateId=6520f188-9d9b-4777-a631-8ab833abbc9e', NULL, '1', 'AUTH', NULL, 4);
INSERT INTO `t_resource` (`resource_id`, `parent_id`, `resource_name`, `address_url`, `resource_desc`, `resource_type`, `auth_type`, `icon_name`, `sort_num`) VALUES ('formTmp-66b149d5-64af-467c-94d6-bfe8771084d5', 'formTmpType-0cb4a172-4954-45d7-a0b9-388985331e85', '项目变动报告', 'flow!launch.do?formTemplateId=66b149d5-64af-467c-94d6-bfe8771084d5', NULL, '1', 'AUTH', NULL, 3);
INSERT INTO `t_resource` (`resource_id`, `parent_id`, `resource_name`, `address_url`, `resource_desc`, `resource_type`, `auth_type`, `icon_name`, `sort_num`) VALUES ('formTmp-70420df7-8b3e-488e-94b7-96d225483e5d', 'formTmpType-1783377b-36a5-4024-bef8-d2fbfb0e5dfb', '董事会事宜报告', 'flow!launch.do?formTemplateId=70420df7-8b3e-488e-94b7-96d225483e5d', NULL, '1', 'AUTH', NULL, 0);
INSERT INTO `t_resource` (`resource_id`, `parent_id`, `resource_name`, `address_url`, `resource_desc`, `resource_type`, `auth_type`, `icon_name`, `sort_num`) VALUES ('formTmp-7af49647-bb40-4866-809e-0509f13ae16a', 'formTmpType-778c99a5-f066-4270-977e-2e2153f03aa0', '差旅费报销单据', 'flow!launch.do?formTemplateId=7af49647-bb40-4866-809e-0509f13ae16a', NULL, '1', 'AUTH', NULL, 0);
INSERT INTO `t_resource` (`resource_id`, `parent_id`, `resource_name`, `address_url`, `resource_desc`, `resource_type`, `auth_type`, `icon_name`, `sort_num`) VALUES ('formTmp-7de73376-bdcb-448d-82e9-64358fcc2725', 'formTmpType-1783377b-36a5-4024-bef8-d2fbfb0e5dfb', '合伙人会事宜报告', 'flow!launch.do?formTemplateId=7de73376-bdcb-448d-82e9-64358fcc2725', NULL, '1', 'AUTH', NULL, 0);
INSERT INTO `t_resource` (`resource_id`, `parent_id`, `resource_name`, `address_url`, `resource_desc`, `resource_type`, `auth_type`, `icon_name`, `sort_num`) VALUES ('formTmp-83307d0e-984e-4902-a8c5-7bae05ab3564', 'formTmpType-0cb4a172-4954-45d7-a0b9-388985331e85', '项目开发报告', 'flow!launch.do?formTemplateId=83307d0e-984e-4902-a8c5-7bae05ab3564', NULL, '1', 'AUTH', NULL, 1);
INSERT INTO `t_resource` (`resource_id`, `parent_id`, `resource_name`, `address_url`, `resource_desc`, `resource_type`, `auth_type`, `icon_name`, `sort_num`) VALUES ('formTmp-a1a537af-0c8e-4913-a385-96b528932563', 'formTmpType-1783377b-36a5-4024-bef8-d2fbfb0e5dfb', '股东会事宜报告', 'flow!launch.do?formTemplateId=a1a537af-0c8e-4913-a385-96b528932563', NULL, '1', 'AUTH', NULL, 0);
INSERT INTO `t_resource` (`resource_id`, `parent_id`, `resource_name`, `address_url`, `resource_desc`, `resource_type`, `auth_type`, `icon_name`, `sort_num`) VALUES ('formTmp-a45fabad-bdee-447e-bf2e-2ec55bcac8b0', 'formTmpType-778c99a5-f066-4270-977e-2e2153f03aa0', '项目收入发票', 'flow!launch.do?formTemplateId=a45fabad-bdee-447e-bf2e-2ec55bcac8b0', NULL, '1', 'AUTH', NULL, 0);
INSERT INTO `t_resource` (`resource_id`, `parent_id`, `resource_name`, `address_url`, `resource_desc`, `resource_type`, `auth_type`, `icon_name`, `sort_num`) VALUES ('formTmp-a811042f-f9dd-43b0-a302-b886ba6b5791', 'formTmpType-0cb4a172-4954-45d7-a0b9-388985331e85', '项目投资报告', 'flow!launch.do?formTemplateId=a811042f-f9dd-43b0-a302-b886ba6b5791', NULL, '1', 'AUTH', NULL, 5);
INSERT INTO `t_resource` (`resource_id`, `parent_id`, `resource_name`, `address_url`, `resource_desc`, `resource_type`, `auth_type`, `icon_name`, `sort_num`) VALUES ('formTmp-ab0f1e20-21a7-4bf8-9e3e-66741fb9a6f0', 'formTmpType-0cb4a172-4954-45d7-a0b9-388985331e85', '其他事宜报告', 'flow!launch.do?formTemplateId=ab0f1e20-21a7-4bf8-9e3e-66741fb9a6f0', NULL, '1', 'AUTH', NULL, 9);
INSERT INTO `t_resource` (`resource_id`, `parent_id`, `resource_name`, `address_url`, `resource_desc`, `resource_type`, `auth_type`, `icon_name`, `sort_num`) VALUES ('formTmp-aef9fe9d-ec7b-42b6-a9ad-15476f42c5c0', 'formTmpType-4c7aa8bf-43f2-4361-95c4-ff424bede6fa', '工时周报填制', 'flow!launch.do?formTemplateId=aef9fe9d-ec7b-42b6-a9ad-15476f42c5c0', NULL, '1', 'AUTH', NULL, 0);
INSERT INTO `t_resource` (`resource_id`, `parent_id`, `resource_name`, `address_url`, `resource_desc`, `resource_type`, `auth_type`, `icon_name`, `sort_num`) VALUES ('formTmp-aff4e75c-0043-48b6-9f9d-f9373e32d439', 'formTmpType-778c99a5-f066-4270-977e-2e2153f03aa0', '招待费用报销单据', 'flow!launch.do?formTemplateId=aff4e75c-0043-48b6-9f9d-f9373e32d439', NULL, '1', 'AUTH', NULL, 0);
INSERT INTO `t_resource` (`resource_id`, `parent_id`, `resource_name`, `address_url`, `resource_desc`, `resource_type`, `auth_type`, `icon_name`, `sort_num`) VALUES ('formTmp-b0a84bba-53cb-4757-8d64-2a43dbdb0ad4', 'formTmpType-0cb4a172-4954-45d7-a0b9-388985331e85', '业务协议报告', 'flow!launch.do?formTemplateId=b0a84bba-53cb-4757-8d64-2a43dbdb0ad4', NULL, '1', 'AUTH', NULL, 8);
INSERT INTO `t_resource` (`resource_id`, `parent_id`, `resource_name`, `address_url`, `resource_desc`, `resource_type`, `auth_type`, `icon_name`, `sort_num`) VALUES ('formTmp-bc498d74-be16-44b0-8c5a-5d2c3e4e67d3', 'formTmpType-1242a7fb-f131-4daf-9116-2dc92529504d', '基金合伙人会议', 'flow!launch.do?formTemplateId=bc498d74-be16-44b0-8c5a-5d2c3e4e67d3', NULL, '1', 'AUTH', NULL, 0);
INSERT INTO `t_resource` (`resource_id`, `parent_id`, `resource_name`, `address_url`, `resource_desc`, `resource_type`, `auth_type`, `icon_name`, `sort_num`) VALUES ('formTmp-be5da890-ed64-4521-95e2-4b16094472eb', 'formTmpType-1783377b-36a5-4024-bef8-d2fbfb0e5dfb', '自设流程事宜报告', 'flow!launch.do?formTemplateId=be5da890-ed64-4521-95e2-4b16094472eb', NULL, '1', 'AUTH', NULL, 0);
INSERT INTO `t_resource` (`resource_id`, `parent_id`, `resource_name`, `address_url`, `resource_desc`, `resource_type`, `auth_type`, `icon_name`, `sort_num`) VALUES ('formTmp-d7b357d4-5f7c-458c-b822-2693524eea79', 'formTmpType-0cb4a172-4954-45d7-a0b9-388985331e85', '项目立项报告', 'flow!launch.do?formTemplateId=d7b357d4-5f7c-458c-b822-2693524eea79', NULL, '1', 'AUTH', NULL, 2);
INSERT INTO `t_resource` (`resource_id`, `parent_id`, `resource_name`, `address_url`, `resource_desc`, `resource_type`, `auth_type`, `icon_name`, `sort_num`) VALUES ('formTmp-dfdcc112-f94a-4146-b41d-0649e8c6fad7', 'formTmpType-778c99a5-f066-4270-977e-2e2153f03aa0', '一般费用报销单据', 'flow!launch.do?formTemplateId=dfdcc112-f94a-4146-b41d-0649e8c6fad7', NULL, '1', 'AUTH', NULL, 0);
INSERT INTO `t_resource` (`resource_id`, `parent_id`, `resource_name`, `address_url`, `resource_desc`, `resource_type`, `auth_type`, `icon_name`, `sort_num`) VALUES ('formTmp-fb9242e7-9f34-4159-bf60-2089b3c1c9a5', 'formTmpType-0cb4a172-4954-45d7-a0b9-388985331e85', '项目总结报告', 'flow!launch.do?formTemplateId=fb9242e7-9f34-4159-bf60-2089b3c1c9a5', NULL, '1', 'AUTH', NULL, 6);

-- 邮件定时任务
INSERT INTO `t_schedule_task` VALUES ('DCFC_EmailReminder', '邮件定时任务', '每30秒调用一次', 'DCFC_EmailReminder', '邮件定时任务', '0/30 * * * * ?', 'com.chz.smartoa.taskScheduler.EmailReminder', NULL, NULL, NULL, 0, 0);









